date,region,product,stock_available
2024-02-01,North,Product A,675
2024-02-01,North,Product B,953
2024-02-01,North,Product C,896
2024-02-01,South,Product A,636
2024-02-01,South,Product B,648
2024-02-01,South,Product C,802
2024-02-01,East,Product A,709
2024-02-01,East,Product B,977
2024-02-01,East,Product C,956
2024-02-01,West,Product A,575
2024-02-01,West,Product B,702
2024-02-01,West,Product C,719
2024-02-02,North,Product A,918
2024-02-02,North,Product B,506
2024-02-02,North,Product C,613
2024-02-02,South,Product A,968
2024-02-02,South,Product B,729
2024-02-02,South,Product C,617
2024-02-02,East,Product A,640
2024-02-02,East,Product B,884
2024-02-02,East,Product C,764
2024-02-02,West,Product A,875
2024-02-02,West,Product B,648
2024-02-02,West,Product C,596
2024-02-03,North,Product A,792
2024-02-03,North,Product B,832
2024-02-03,North,Product C,590
2024-02-03,South,Product A,762
2024-02-03,South,Product B,520
2024-02-03,South,Product C,906
2024-02-03,East,Product A,713
2024-02-03,East,Product B,955
2024-02-03,East,Product C,756
2024-02-03,West,Product A,863
2024-02-03,West,Product B,730
2024-02-03,West,Product C,550
2024-02-04,North,Product A,829
2024-02-04,North,Product B,766
2024-02-04,North,Product C,601
2024-02-04,South,Product A,813
2024-02-04,South,Product B,832
2024-02-04,South,Product C,576
2024-02-04,East,Product A,770
2024-02-04,East,Product B,928
2024-02-04,East,Product C,885
2024-02-04,West,Product A,695
2024-02-04,West,Product B,828
2024-02-04,West,Product C,606
2024-02-05,North,Product A,814
2024-02-05,North,Product B,742
2024-02-05,North,Product C,891
2024-02-05,South,Product A,778
2024-02-05,South,Product B,811
2024-02-05,South,Product C,687
2024-02-05,East,Product A,790
2024-02-05,East,Product B,906
2024-02-05,East,Product C,680
2024-02-05,West,Product A,959
2024-02-05,West,Product B,816
2024-02-05,West,Product C,878
2024-02-06,North,Product A,796
2024-02-06,North,Product B,814
2024-02-06,North,Product C,870
2024-02-06,South,Product A,917
2024-02-06,South,Product B,638
2024-02-06,South,Product C,556
2024-02-06,East,Product A,634
2024-02-06,East,Product B,608
2024-02-06,East,Product C,843
2024-02-06,West,Product A,594
2024-02-06,West,Product B,668
2024-02-06,West,Product C,500
2024-02-07,North,Product A,798
2024-02-07,North,Product B,764
2024-02-07,North,Product C,832
2024-02-07,South,Product A,787
2024-02-07,South,Product B,856
2024-02-07,South,Product C,756
2024-02-07,East,Product A,503
2024-02-07,East,Product B,713
2024-02-07,East,Product C,516
2024-02-07,West,Product A,883
2024-02-07,West,Product B,913
2024-02-07,West,Product C,942
2024-02-08,North,Product A,688
2024-02-08,North,Product B,584
2024-02-08,North,Product C,617
2024-02-08,South,Product A,612
2024-02-08,South,Product B,691
2024-02-08,South,Product C,839
2024-02-08,East,Product A,684
2024-02-08,East,Product B,644
2024-02-08,East,Product C,963
2024-02-08,West,Product A,725
2024-02-08,West,Product B,507
2024-02-08,West,Product C,925
2024-02-09,North,Product A,727
2024-02-09,North,Product B,897
2024-02-09,North,Product C,960
2024-02-09,South,Product A,607
2024-02-09,South,Product B,581
2024-02-09,South,Product C,976
2024-02-09,East,Product A,863
2024-02-09,East,Product B,915
2024-02-09,East,Product C,648
2024-02-09,West,Product A,753
2024-02-09,West,Product B,559
2024-02-09,West,Product C,849
2024-02-10,North,Product A,775
2024-02-10,North,Product B,965
2024-02-10,North,Product C,648
2024-02-10,South,Product A,884
2024-02-10,South,Product B,694
2024-02-10,South,Product C,626
2024-02-10,East,Product A,710
2024-02-10,East,Product B,590
2024-02-10,East,Product C,890
2024-02-10,West,Product A,635
2024-02-10,West,Product B,944
2024-02-10,West,Product C,927
2024-02-11,North,Product A,873
2024-02-11,North,Product B,615
2024-02-11,North,Product C,973
2024-02-11,South,Product A,780
2024-02-11,South,Product B,978
2024-02-11,South,Product C,964
2024-02-11,East,Product A,698
2024-02-11,East,Product B,885
2024-02-11,East,Product C,675
2024-02-11,West,Product A,604
2024-02-11,West,Product B,900
2024-02-11,West,Product C,992
2024-02-12,North,Product A,927
2024-02-12,North,Product B,513
2024-02-12,North,Product C,974
2024-02-12,South,Product A,559
2024-02-12,South,Product B,609
2024-02-12,South,Product C,631
2024-02-12,East,Product A,593
2024-02-12,East,Product B,993
2024-02-12,East,Product C,865
2024-02-12,West,Product A,997
2024-02-12,West,Product B,661
2024-02-12,West,Product C,696
2024-02-13,North,Product A,724
2024-02-13,North,Product B,692
2024-02-13,North,Product C,661
2024-02-13,South,Product A,791
2024-02-13,South,Product B,585
2024-02-13,South,Product C,726
2024-02-13,East,Product A,917
2024-02-13,East,Product B,638
2024-02-13,East,Product C,540
2024-02-13,West,Product A,818
2024-02-13,West,Product B,889
2024-02-13,West,Product C,610
2024-02-14,North,Product A,585
2024-02-14,North,Product B,602
2024-02-14,North,Product C,948
2024-02-14,South,Product A,821
2024-02-14,South,Product B,639
2024-02-14,South,Product C,893
2024-02-14,East,Product A,848
2024-02-14,East,Product B,764
2024-02-14,East,Product C,694
2024-02-14,West,Product A,533
2024-02-14,West,Product B,595
2024-02-14,West,Product C,854
2024-02-15,North,Product A,545
2024-02-15,North,Product B,947
2024-02-15,North,Product C,743
2024-02-15,South,Product A,548
2024-02-15,South,Product B,691
2024-02-15,South,Product C,788
2024-02-15,East,Product A,983
2024-02-15,East,Product B,849
2024-02-15,East,Product C,762
2024-02-15,West,Product A,506
2024-02-15,West,Product B,967
2024-02-15,West,Product C,747
2024-02-16,North,Product A,572
2024-02-16,North,Product B,656
2024-02-16,North,Product C,578
2024-02-16,South,Product A,929
2024-02-16,South,Product B,756
2024-02-16,South,Product C,865
2024-02-16,East,Product A,840
2024-02-16,East,Product B,898
2024-02-16,East,Product C,800
2024-02-16,West,Product A,521
2024-02-16,West,Product B,638
2024-02-16,West,Product C,549
2024-02-17,North,Product A,547
2024-02-17,North,Product B,886
2024-02-17,North,Product C,967
2024-02-17,South,Product A,782
2024-02-17,South,Product B,899
2024-02-17,South,Product C,966
2024-02-17,East,Product A,635
2024-02-17,East,Product B,877
2024-02-17,East,Product C,919
2024-02-17,West,Product A,572
2024-02-17,West,Product B,807
2024-02-17,West,Product C,592
2024-02-18,North,Product A,872
2024-02-18,North,Product B,547
2024-02-18,North,Product C,855
2024-02-18,South,Product A,701
2024-02-18,South,Product B,557
2024-02-18,South,Product C,749
2024-02-18,East,Product A,746
2024-02-18,East,Product B,698
2024-02-18,East,Product C,840
2024-02-18,West,Product A,639
2024-02-18,West,Product B,516
2024-02-18,West,Product C,872
2024-02-19,North,Product A,615
2024-02-19,North,Product B,818
2024-02-19,North,Product C,551
2024-02-19,South,Product A,596
2024-02-19,South,Product B,934
2024-02-19,South,Product C,928
2024-02-19,East,Product A,761
2024-02-19,East,Product B,836
2024-02-19,East,Product C,983
2024-02-19,West,Product A,795
2024-02-19,West,Product B,829
2024-02-19,West,Product C,732
2024-02-20,North,Product A,766
2024-02-20,North,Product B,604
2024-02-20,North,Product C,950
2024-02-20,South,Product A,832
2024-02-20,South,Product B,877
2024-02-20,South,Product C,968
2024-02-20,East,Product A,902
2024-02-20,East,Product B,529
2024-02-20,East,Product C,953
2024-02-20,West,Product A,788
2024-02-20,West,Product B,904
2024-02-20,West,Product C,518
2024-02-21,North,Product A,771
2024-02-21,North,Product B,913
2024-02-21,North,Product C,539
2024-02-21,South,Product A,896
2024-02-21,South,Product B,624
2024-02-21,South,Product C,921
2024-02-21,East,Product A,641
2024-02-21,East,Product B,816
2024-02-21,East,Product C,548
2024-02-21,West,Product A,931
2024-02-21,West,Product B,950
2024-02-21,West,Product C,852
2024-02-22,North,Product A,901
2024-02-22,North,Product B,885
2024-02-22,North,Product C,960
2024-02-22,South,Product A,977
2024-02-22,South,Product B,678
2024-02-22,South,Product C,900
2024-02-22,East,Product A,524
2024-02-22,East,Product B,879
2024-02-22,East,Product C,937
2024-02-22,West,Product A,738
2024-02-22,West,Product B,805
2024-02-22,West,Product C,737
2024-02-23,North,Product A,948
2024-02-23,North,Product B,845
2024-02-23,North,Product C,929
2024-02-23,South,Product A,953
2024-02-23,South,Product B,770
2024-02-23,South,Product C,536
2024-02-23,East,Product A,994
2024-02-23,East,Product B,506
2024-02-23,East,Product C,645
2024-02-23,West,Product A,590
2024-02-23,West,Product B,923
2024-02-23,West,Product C,858
2024-02-24,North,Product A,825
2024-02-24,North,Product B,667
2024-02-24,North,Product C,893
2024-02-24,South,Product A,659
2024-02-24,South,Product B,945
2024-02-24,South,Product C,744
2024-02-24,East,Product A,511
2024-02-24,East,Product B,547
2024-02-24,East,Product C,571
2024-02-24,West,Product A,834
2024-02-24,West,Product B,585
2024-02-24,West,Product C,799
2024-02-25,North,Product A,572
2024-02-25,North,Product B,698
2024-02-25,North,Product C,557
2024-02-25,South,Product A,508
2024-02-25,South,Product B,682
2024-02-25,South,Product C,685
2024-02-25,East,Product A,984
2024-02-25,East,Product B,566
2024-02-25,East,Product C,802
2024-02-25,West,Product A,522
2024-02-25,West,Product B,748
2024-02-25,West,Product C,587
2024-02-26,North,Product A,769
2024-02-26,North,Product B,807
2024-02-26,North,Product C,587
2024-02-26,South,Product A,978
2024-02-26,South,Product B,805
2024-02-26,South,Product C,718
2024-02-26,East,Product A,721
2024-02-26,East,Product B,692
2024-02-26,East,Product C,959
2024-02-26,West,Product A,924
2024-02-26,West,Product B,773
2024-02-26,West,Product C,661
2024-02-27,North,Product A,836
2024-02-27,North,Product B,636
2024-02-27,North,Product C,621
2024-02-27,South,Product A,882
2024-02-27,South,Product B,665
2024-02-27,South,Product C,572
2024-02-27,East,Product A,910
2024-02-27,East,Product B,711
2024-02-27,East,Product C,645
2024-02-27,West,Product A,714
2024-02-27,West,Product B,772
2024-02-27,West,Product C,932
2024-02-28,North,Product A,548
2024-02-28,North,Product B,817
2024-02-28,North,Product C,617
2024-02-28,South,Product A,747
2024-02-28,South,Product B,617
2024-02-28,South,Product C,666
2024-02-28,East,Product A,836
2024-02-28,East,Product B,666
2024-02-28,East,Product C,553
2024-02-28,West,Product A,757
2024-02-28,West,Product B,859
2024-02-28,West,Product C,554
2024-02-29,North,Product A,719
2024-02-29,North,Product B,985
2024-02-29,North,Product C,700
2024-02-29,South,Product A,705
2024-02-29,South,Product B,544
2024-02-29,South,Product C,940
2024-02-29,East,Product A,523
2024-02-29,East,Product B,589
2024-02-29,East,Product C,575
2024-02-29,West,Product A,651
2024-02-29,West,Product B,858
2024-02-29,West,Product C,993
2024-03-01,North,Product A,647
2024-03-01,North,Product B,737
2024-03-01,North,Product C,562
2024-03-01,South,Product A,529
2024-03-01,South,Product B,795
2024-03-01,South,Product C,809
2024-03-01,East,Product A,585
2024-03-01,East,Product B,542
2024-03-01,East,Product C,712
2024-03-01,West,Product A,537
2024-03-01,West,Product B,617
2024-03-01,West,Product C,657
2024-03-02,North,Product A,969
2024-03-02,North,Product B,565
2024-03-02,North,Product C,668
2024-03-02,South,Product A,689
2024-03-02,South,Product B,781
2024-03-02,South,Product C,620
2024-03-02,East,Product A,533
2024-03-02,East,Product B,963
2024-03-02,East,Product C,789
2024-03-02,West,Product A,959
2024-03-02,West,Product B,643
2024-03-02,West,Product C,577
2024-03-03,North,Product A,625
2024-03-03,North,Product B,540
2024-03-03,North,Product C,610
2024-03-03,South,Product A,546
2024-03-03,South,Product B,910
2024-03-03,South,Product C,743
2024-03-03,East,Product A,777
2024-03-03,East,Product B,763
2024-03-03,East,Product C,612
2024-03-03,West,Product A,913
2024-03-03,West,Product B,926
2024-03-03,West,Product C,539
2024-03-04,North,Product A,549
2024-03-04,North,Product B,690
2024-03-04,North,Product C,755
2024-03-04,South,Product A,921
2024-03-04,South,Product B,897
2024-03-04,South,Product C,775
2024-03-04,East,Product A,510
2024-03-04,East,Product B,640
2024-03-04,East,Product C,981
2024-03-04,West,Product A,537
2024-03-04,West,Product B,533
2024-03-04,West,Product C,781
2024-03-05,North,Product A,936
2024-03-05,North,Product B,762
2024-03-05,North,Product C,842
2024-03-05,South,Product A,891
2024-03-05,South,Product B,618
2024-03-05,South,Product C,905
2024-03-05,East,Product A,975
2024-03-05,East,Product B,513
2024-03-05,East,Product C,746
2024-03-05,West,Product A,868
2024-03-05,West,Product B,859
2024-03-05,West,Product C,588
2024-03-06,North,Product A,912
2024-03-06,North,Product B,927
2024-03-06,North,Product C,593
2024-03-06,South,Product A,704
2024-03-06,South,Product B,759
2024-03-06,South,Product C,948
2024-03-06,East,Product A,896
2024-03-06,East,Product B,757
2024-03-06,East,Product C,876
2024-03-06,West,Product A,576
2024-03-06,West,Product B,807
2024-03-06,West,Product C,658
2024-03-07,North,Product A,762
2024-03-07,North,Product B,660
2024-03-07,North,Product C,958
2024-03-07,South,Product A,930
2024-03-07,South,Product B,915
2024-03-07,South,Product C,614
2024-03-07,East,Product A,587
2024-03-07,East,Product B,945
2024-03-07,East,Product C,849
2024-03-07,West,Product A,894
2024-03-07,West,Product B,916
2024-03-07,West,Product C,937
2024-03-08,North,Product A,697
2024-03-08,North,Product B,664
2024-03-08,North,Product C,724
2024-03-08,South,Product A,622
2024-03-08,South,Product B,884
2024-03-08,South,Product C,874
2024-03-08,East,Product A,859
2024-03-08,East,Product B,949
2024-03-08,East,Product C,751
2024-03-08,West,Product A,566
2024-03-08,West,Product B,675
2024-03-08,West,Product C,761
2024-03-09,North,Product A,559
2024-03-09,North,Product B,630
2024-03-09,North,Product C,742
2024-03-09,South,Product A,620
2024-03-09,South,Product B,752
2024-03-09,South,Product C,570
2024-03-09,East,Product A,898
2024-03-09,East,Product B,803
2024-03-09,East,Product C,621
2024-03-09,West,Product A,837
2024-03-09,West,Product B,981
2024-03-09,West,Product C,511
2024-03-10,North,Product A,804
2024-03-10,North,Product B,987
2024-03-10,North,Product C,988
2024-03-10,South,Product A,537
2024-03-10,South,Product B,518
2024-03-10,South,Product C,977
2024-03-10,East,Product A,825
2024-03-10,East,Product B,908
2024-03-10,East,Product C,902
2024-03-10,West,Product A,834
2024-03-10,West,Product B,999
2024-03-10,West,Product C,999
2024-03-11,North,Product A,992
2024-03-11,North,Product B,813
2024-03-11,North,Product C,869
2024-03-11,South,Product A,726
2024-03-11,South,Product B,866
2024-03-11,South,Product C,503
2024-03-11,East,Product A,945
2024-03-11,East,Product B,713
2024-03-11,East,Product C,704
2024-03-11,West,Product A,554
2024-03-11,West,Product B,789
2024-03-11,West,Product C,599
2024-03-12,North,Product A,638
2024-03-12,North,Product B,761
2024-03-12,North,Product C,601
2024-03-12,South,Product A,768
2024-03-12,South,Product B,692
2024-03-12,South,Product C,941
2024-03-12,East,Product A,655
2024-03-12,East,Product B,683
2024-03-12,East,Product C,600
2024-03-12,West,Product A,856
2024-03-12,West,Product B,616
2024-03-12,West,Product C,786
2024-03-13,North,Product A,967
2024-03-13,North,Product B,501
2024-03-13,North,Product C,842
2024-03-13,South,Product A,730
2024-03-13,South,Product B,711
2024-03-13,South,Product C,656
2024-03-13,East,Product A,503
2024-03-13,East,Product B,826
2024-03-13,East,Product C,693
2024-03-13,West,Product A,767
2024-03-13,West,Product B,984
2024-03-13,West,Product C,695
2024-03-14,North,Product A,717
2024-03-14,North,Product B,830
2024-03-14,North,Product C,773
2024-03-14,South,Product A,761
2024-03-14,South,Product B,829
2024-03-14,South,Product C,567
2024-03-14,East,Product A,826
2024-03-14,East,Product B,778
2024-03-14,East,Product C,828
2024-03-14,West,Product A,869
2024-03-14,West,Product B,767
2024-03-14,West,Product C,678
2024-03-15,North,Product A,817
2024-03-15,North,Product B,792
2024-03-15,North,Product C,931
2024-03-15,South,Product A,708
2024-03-15,South,Product B,612
2024-03-15,South,Product C,869
2024-03-15,East,Product A,521
2024-03-15,East,Product B,849
2024-03-15,East,Product C,961
2024-03-15,West,Product A,924
2024-03-15,West,Product B,888
2024-03-15,West,Product C,501
2024-03-16,North,Product A,734
2024-03-16,North,Product B,935
2024-03-16,North,Product C,648
2024-03-16,South,Product A,830
2024-03-16,South,Product B,929
2024-03-16,South,Product C,692
2024-03-16,East,Product A,775
2024-03-16,East,Product B,669
2024-03-16,East,Product C,629
2024-03-16,West,Product A,856
2024-03-16,West,Product B,895
2024-03-16,West,Product C,750
2024-03-17,North,Product A,552
2024-03-17,North,Product B,540
2024-03-17,North,Product C,916
2024-03-17,South,Product A,922
2024-03-17,South,Product B,520
2024-03-17,South,Product C,616
2024-03-17,East,Product A,866
2024-03-17,East,Product B,652
2024-03-17,East,Product C,617
2024-03-17,West,Product A,529
2024-03-17,West,Product B,725
2024-03-17,West,Product C,858
2024-03-18,North,Product A,877
2024-03-18,North,Product B,706
2024-03-18,North,Product C,759
2024-03-18,South,Product A,513
2024-03-18,South,Product B,788
2024-03-18,South,Product C,504
2024-03-18,East,Product A,983
2024-03-18,East,Product B,983
2024-03-18,East,Product C,628
2024-03-18,West,Product A,710
2024-03-18,West,Product B,659
2024-03-18,West,Product C,819
2024-03-19,North,Product A,638
2024-03-19,North,Product B,875
2024-03-19,North,Product C,587
2024-03-19,South,Product A,648
2024-03-19,South,Product B,991
2024-03-19,South,Product C,962
2024-03-19,East,Product A,813
2024-03-19,East,Product B,889
2024-03-19,East,Product C,631
2024-03-19,West,Product A,606
2024-03-19,West,Product B,705
2024-03-19,West,Product C,872
2024-03-20,North,Product A,545
2024-03-20,North,Product B,925
2024-03-20,North,Product C,633
2024-03-20,South,Product A,685
2024-03-20,South,Product B,622
2024-03-20,South,Product C,903
2024-03-20,East,Product A,914
2024-03-20,East,Product B,968
2024-03-20,East,Product C,731
2024-03-20,West,Product A,862
2024-03-20,West,Product B,913
2024-03-20,West,Product C,765
2024-03-21,North,Product A,772
2024-03-21,North,Product B,772
2024-03-21,North,Product C,553
2024-03-21,South,Product A,986
2024-03-21,South,Product B,668
2024-03-21,South,Product C,895
2024-03-21,East,Product A,803
2024-03-21,East,Product B,661
2024-03-21,East,Product C,934
2024-03-21,West,Product A,786
2024-03-21,West,Product B,885
2024-03-21,West,Product C,765
2024-03-22,North,Product A,774
2024-03-22,North,Product B,799
2024-03-22,North,Product C,663
2024-03-22,South,Product A,706
2024-03-22,South,Product B,805
2024-03-22,South,Product C,935
2024-03-22,East,Product A,735
2024-03-22,East,Product B,549
2024-03-22,East,Product C,920
2024-03-22,West,Product A,533
2024-03-22,West,Product B,792
2024-03-22,West,Product C,910
2024-03-23,North,Product A,869
2024-03-23,North,Product B,712
2024-03-23,North,Product C,708
2024-03-23,South,Product A,719
2024-03-23,South,Product B,879
2024-03-23,South,Product C,870
2024-03-23,East,Product A,608
2024-03-23,East,Product B,864
2024-03-23,East,Product C,754
2024-03-23,West,Product A,966
2024-03-23,West,Product B,702
2024-03-23,West,Product C,858
2024-03-24,North,Product A,967
2024-03-24,North,Product B,856
2024-03-24,North,Product C,775
2024-03-24,South,Product A,569
2024-03-24,South,Product B,929
2024-03-24,South,Product C,774
2024-03-24,East,Product A,668
2024-03-24,East,Product B,595
2024-03-24,East,Product C,588
2024-03-24,West,Product A,980
2024-03-24,West,Product B,511
2024-03-24,West,Product C,823
2024-03-25,North,Product A,909
2024-03-25,North,Product B,692
2024-03-25,North,Product C,902
2024-03-25,South,Product A,645
2024-03-25,South,Product B,523
2024-03-25,South,Product C,626
2024-03-25,East,Product A,982
2024-03-25,East,Product B,688
2024-03-25,East,Product C,584
2024-03-25,West,Product A,634
2024-03-25,West,Product B,689
2024-03-25,West,Product C,843
2024-03-26,North,Product A,754
2024-03-26,North,Product B,631
2024-03-26,North,Product C,565
2024-03-26,South,Product A,892
2024-03-26,South,Product B,642
2024-03-26,South,Product C,608
2024-03-26,East,Product A,765
2024-03-26,East,Product B,795
2024-03-26,East,Product C,735
2024-03-26,West,Product A,836
2024-03-26,West,Product B,965
2024-03-26,West,Product C,812
2024-03-27,North,Product A,689
2024-03-27,North,Product B,577
2024-03-27,North,Product C,715
2024-03-27,South,Product A,654
2024-03-27,South,Product B,594
2024-03-27,South,Product C,556
2024-03-27,East,Product A,738
2024-03-27,East,Product B,597
2024-03-27,East,Product C,755
2024-03-27,West,Product A,569
2024-03-27,West,Product B,708
2024-03-27,West,Product C,655
2024-03-28,North,Product A,607
2024-03-28,North,Product B,703
2024-03-28,North,Product C,785
2024-03-28,South,Product A,617
2024-03-28,South,Product B,749
2024-03-28,South,Product C,576
2024-03-28,East,Product A,631
2024-03-28,East,Product B,524
2024-03-28,East,Product C,627
2024-03-28,West,Product A,977
2024-03-28,West,Product B,901
2024-03-28,West,Product C,763
2024-03-29,North,Product A,822
2024-03-29,North,Product B,565
2024-03-29,North,Product C,580
2024-03-29,South,Product A,751
2024-03-29,South,Product B,901
2024-03-29,South,Product C,519
2024-03-29,East,Product A,915
2024-03-29,East,Product B,522
2024-03-29,East,Product C,754
2024-03-29,West,Product A,858
2024-03-29,West,Product B,596
2024-03-29,West,Product C,936
2024-03-30,North,Product A,977
2024-03-30,North,Product B,897
2024-03-30,North,Product C,705
2024-03-30,South,Product A,501
2024-03-30,South,Product B,617
2024-03-30,South,Product C,832
2024-03-30,East,Product A,796
2024-03-30,East,Product B,959
2024-03-30,East,Product C,833
2024-03-30,West,Product A,891
2024-03-30,West,Product B,697
2024-03-30,West,Product C,953
2024-03-31,North,Product A,742
2024-03-31,North,Product B,705
2024-03-31,North,Product C,608
2024-03-31,South,Product A,861
2024-03-31,South,Product B,605
2024-03-31,South,Product C,511
2024-03-31,East,Product A,587
2024-03-31,East,Product B,714
2024-03-31,East,Product C,895
2024-03-31,West,Product A,790
2024-03-31,West,Product B,911
2024-03-31,West,Product C,595
2024-04-01,North,Product A,771
2024-04-01,North,Product B,554
2024-04-01,North,Product C,972
2024-04-01,South,Product A,585
2024-04-01,South,Product B,645
2024-04-01,South,Product C,771
2024-04-01,East,Product A,521
2024-04-01,East,Product B,679
2024-04-01,East,Product C,956
2024-04-01,West,Product A,936
2024-04-01,West,Product B,633
2024-04-01,West,Product C,532
2024-04-02,North,Product A,557
2024-04-02,North,Product B,819
2024-04-02,North,Product C,542
2024-04-02,South,Product A,720
2024-04-02,South,Product B,961
2024-04-02,South,Product C,882
2024-04-02,East,Product A,995
2024-04-02,East,Product B,752
2024-04-02,East,Product C,850
2024-04-02,West,Product A,555
2024-04-02,West,Product B,769
2024-04-02,West,Product C,882
2024-04-03,North,Product A,577
2024-04-03,North,Product B,984
2024-04-03,North,Product C,740
2024-04-03,South,Product A,552
2024-04-03,South,Product B,807
2024-04-03,South,Product C,741
2024-04-03,East,Product A,655
2024-04-03,East,Product B,748
2024-04-03,East,Product C,550
2024-04-03,West,Product A,881
2024-04-03,West,Product B,911
2024-04-03,West,Product C,509
2024-04-04,North,Product A,591
2024-04-04,North,Product B,534
2024-04-04,North,Product C,593
2024-04-04,South,Product A,832
2024-04-04,South,Product B,811
2024-04-04,South,Product C,936
2024-04-04,East,Product A,682
2024-04-04,East,Product B,599
2024-04-04,East,Product C,649
2024-04-04,West,Product A,794
2024-04-04,West,Product B,711
2024-04-04,West,Product C,688
2024-04-05,North,Product A,503
2024-04-05,North,Product B,752
2024-04-05,North,Product C,653
2024-04-05,South,Product A,826
2024-04-05,South,Product B,915
2024-04-05,South,Product C,603
2024-04-05,East,Product A,515
2024-04-05,East,Product B,897
2024-04-05,East,Product C,752
2024-04-05,West,Product A,838
2024-04-05,West,Product B,517
2024-04-05,West,Product C,832
2024-04-06,North,Product A,793
2024-04-06,North,Product B,827
2024-04-06,North,Product C,956
2024-04-06,South,Product A,556
2024-04-06,South,Product B,559
2024-04-06,South,Product C,642
2024-04-06,East,Product A,820
2024-04-06,East,Product B,902
2024-04-06,East,Product C,830
2024-04-06,West,Product A,900
2024-04-06,West,Product B,656
2024-04-06,West,Product C,713
2024-04-07,North,Product A,800
2024-04-07,North,Product B,987
2024-04-07,North,Product C,775
2024-04-07,South,Product A,771
2024-04-07,South,Product B,806
2024-04-07,South,Product C,875
2024-04-07,East,Product A,510
2024-04-07,East,Product B,581
2024-04-07,East,Product C,551
2024-04-07,West,Product A,528
2024-04-07,West,Product B,559
2024-04-07,West,Product C,828
2024-04-08,North,Product A,983
2024-04-08,North,Product B,840
2024-04-08,North,Product C,990
2024-04-08,South,Product A,667
2024-04-08,South,Product B,730
2024-04-08,South,Product C,698
2024-04-08,East,Product A,824
2024-04-08,East,Product B,683
2024-04-08,East,Product C,814
2024-04-08,West,Product A,553
2024-04-08,West,Product B,931
2024-04-08,West,Product C,536
2024-04-09,North,Product A,707
2024-04-09,North,Product B,699
2024-04-09,North,Product C,844
2024-04-09,South,Product A,891
2024-04-09,South,Product B,733
2024-04-09,South,Product C,649
2024-04-09,East,Product A,690
2024-04-09,East,Product B,880
2024-04-09,East,Product C,799
2024-04-09,West,Product A,757
2024-04-09,West,Product B,816
2024-04-09,West,Product C,866
2024-04-10,North,Product A,691
2024-04-10,North,Product B,940
2024-04-10,North,Product C,578
2024-04-10,South,Product A,775
2024-04-10,South,Product B,941
2024-04-10,South,Product C,874
2024-04-10,East,Product A,898
2024-04-10,East,Product B,691
2024-04-10,East,Product C,990
2024-04-10,West,Product A,555
2024-04-10,West,Product B,912
2024-04-10,West,Product C,737
2024-04-11,North,Product A,735
2024-04-11,North,Product B,780
2024-04-11,North,Product C,735
2024-04-11,South,Product A,586
2024-04-11,South,Product B,909
2024-04-11,South,Product C,915
2024-04-11,East,Product A,965
2024-04-11,East,Product B,865
2024-04-11,East,Product C,980
2024-04-11,West,Product A,679
2024-04-11,West,Product B,667
2024-04-11,West,Product C,702
2024-04-12,North,Product A,787
2024-04-12,North,Product B,822
2024-04-12,North,Product C,851
2024-04-12,South,Product A,920
2024-04-12,South,Product B,953
2024-04-12,South,Product C,640
2024-04-12,East,Product A,775
2024-04-12,East,Product B,507
2024-04-12,East,Product C,643
2024-04-12,West,Product A,845
2024-04-12,West,Product B,630
2024-04-12,West,Product C,714
2024-04-13,North,Product A,505
2024-04-13,North,Product B,753
2024-04-13,North,Product C,526
2024-04-13,South,Product A,948
2024-04-13,South,Product B,895
2024-04-13,South,Product C,907
2024-04-13,East,Product A,760
2024-04-13,East,Product B,892
2024-04-13,East,Product C,634
2024-04-13,West,Product A,849
2024-04-13,West,Product B,651
2024-04-13,West,Product C,743
2024-04-14,North,Product A,884
2024-04-14,North,Product B,945
2024-04-14,North,Product C,678
2024-04-14,South,Product A,692
2024-04-14,South,Product B,539
2024-04-14,South,Product C,658
2024-04-14,East,Product A,748
2024-04-14,East,Product B,780
2024-04-14,East,Product C,526
2024-04-14,West,Product A,999
2024-04-14,West,Product B,809
2024-04-14,West,Product C,988
2024-04-15,North,Product A,816
2024-04-15,North,Product B,506
2024-04-15,North,Product C,840
2024-04-15,South,Product A,578
2024-04-15,South,Product B,595
2024-04-15,South,Product C,699
2024-04-15,East,Product A,842
2024-04-15,East,Product B,633
2024-04-15,East,Product C,782
2024-04-15,West,Product A,542
2024-04-15,West,Product B,644
2024-04-15,West,Product C,720
2024-04-16,North,Product A,628
2024-04-16,North,Product B,609
2024-04-16,North,Product C,680
2024-04-16,South,Product A,859
2024-04-16,South,Product B,615
2024-04-16,South,Product C,945
2024-04-16,East,Product A,746
2024-04-16,East,Product B,609
2024-04-16,East,Product C,610
2024-04-16,West,Product A,829
2024-04-16,West,Product B,808
2024-04-16,West,Product C,668
2024-04-17,North,Product A,968
2024-04-17,North,Product B,670
2024-04-17,North,Product C,960
2024-04-17,South,Product A,869
2024-04-17,South,Product B,527
2024-04-17,South,Product C,667
2024-04-17,East,Product A,664
2024-04-17,East,Product B,597
2024-04-17,East,Product C,621
2024-04-17,West,Product A,524
2024-04-17,West,Product B,906
2024-04-17,West,Product C,510
2024-04-18,North,Product A,781
2024-04-18,North,Product B,710
2024-04-18,North,Product C,674
2024-04-18,South,Product A,788
2024-04-18,South,Product B,606
2024-04-18,South,Product C,657
2024-04-18,East,Product A,602
2024-04-18,East,Product B,803
2024-04-18,East,Product C,854
2024-04-18,West,Product A,536
2024-04-18,West,Product B,571
2024-04-18,West,Product C,824
2024-04-19,North,Product A,537
2024-04-19,North,Product B,547
2024-04-19,North,Product C,808
2024-04-19,South,Product A,950
2024-04-19,South,Product B,568
2024-04-19,South,Product C,691
2024-04-19,East,Product A,589
2024-04-19,East,Product B,789
2024-04-19,East,Product C,685
2024-04-19,West,Product A,798
2024-04-19,West,Product B,546
2024-04-19,West,Product C,634
2024-04-20,North,Product A,881
2024-04-20,North,Product B,985
2024-04-20,North,Product C,536
2024-04-20,South,Product A,689
2024-04-20,South,Product B,965
2024-04-20,South,Product C,579
2024-04-20,East,Product A,813
2024-04-20,East,Product B,591
2024-04-20,East,Product C,938
2024-04-20,West,Product A,731
2024-04-20,West,Product B,861
2024-04-20,West,Product C,728
2024-04-21,North,Product A,634
2024-04-21,North,Product B,985
2024-04-21,North,Product C,693
2024-04-21,South,Product A,849
2024-04-21,South,Product B,808
2024-04-21,South,Product C,600
2024-04-21,East,Product A,818
2024-04-21,East,Product B,992
2024-04-21,East,Product C,747
2024-04-21,West,Product A,542
2024-04-21,West,Product B,590
2024-04-21,West,Product C,803
2024-04-22,North,Product A,743
2024-04-22,North,Product B,563
2024-04-22,North,Product C,615
2024-04-22,South,Product A,514
2024-04-22,South,Product B,630
2024-04-22,South,Product C,887
2024-04-22,East,Product A,984
2024-04-22,East,Product B,873
2024-04-22,East,Product C,747
2024-04-22,West,Product A,959
2024-04-22,West,Product B,962
2024-04-22,West,Product C,874
2024-04-23,North,Product A,951
2024-04-23,North,Product B,876
2024-04-23,North,Product C,994
2024-04-23,South,Product A,689
2024-04-23,South,Product B,616
2024-04-23,South,Product C,635
2024-04-23,East,Product A,514
2024-04-23,East,Product B,846
2024-04-23,East,Product C,597
2024-04-23,West,Product A,755
2024-04-23,West,Product B,871
2024-04-23,West,Product C,646
2024-04-24,North,Product A,698
2024-04-24,North,Product B,932
2024-04-24,North,Product C,705
2024-04-24,South,Product A,617
2024-04-24,South,Product B,973
2024-04-24,South,Product C,934
2024-04-24,East,Product A,505
2024-04-24,East,Product B,958
2024-04-24,East,Product C,749
2024-04-24,West,Product A,945
2024-04-24,West,Product B,955
2024-04-24,West,Product C,735
2024-04-25,North,Product A,700
2024-04-25,North,Product B,651
2024-04-25,North,Product C,758
2024-04-25,South,Product A,584
2024-04-25,South,Product B,515
2024-04-25,South,Product C,793
2024-04-25,East,Product A,651
2024-04-25,East,Product B,754
2024-04-25,East,Product C,541
2024-04-25,West,Product A,955
2024-04-25,West,Product B,758
2024-04-25,West,Product C,502
2024-04-26,North,Product A,774
2024-04-26,North,Product B,876
2024-04-26,North,Product C,977
2024-04-26,South,Product A,995
2024-04-26,South,Product B,629
2024-04-26,South,Product C,970
2024-04-26,East,Product A,625
2024-04-26,East,Product B,560
2024-04-26,East,Product C,667
2024-04-26,West,Product A,701
2024-04-26,West,Product B,727
2024-04-26,West,Product C,964
2024-04-27,North,Product A,898
2024-04-27,North,Product B,831
2024-04-27,North,Product C,743
2024-04-27,South,Product A,879
2024-04-27,South,Product B,587
2024-04-27,South,Product C,859
2024-04-27,East,Product A,990
2024-04-27,East,Product B,846
2024-04-27,East,Product C,625
2024-04-27,West,Product A,964
2024-04-27,West,Product B,737
2024-04-27,West,Product C,970
2024-04-28,North,Product A,603
2024-04-28,North,Product B,709
2024-04-28,North,Product C,708
2024-04-28,South,Product A,926
2024-04-28,South,Product B,815
2024-04-28,South,Product C,565
2024-04-28,East,Product A,976
2024-04-28,East,Product B,697
2024-04-28,East,Product C,876
2024-04-28,West,Product A,555
2024-04-28,West,Product B,642
2024-04-28,West,Product C,529
2024-04-29,North,Product A,897
2024-04-29,North,Product B,720
2024-04-29,North,Product C,891
2024-04-29,South,Product A,771
2024-04-29,South,Product B,802
2024-04-29,South,Product C,588
2024-04-29,East,Product A,675
2024-04-29,East,Product B,556
2024-04-29,East,Product C,804
2024-04-29,West,Product A,562
2024-04-29,West,Product B,926
2024-04-29,West,Product C,996
2024-04-30,North,Product A,941
2024-04-30,North,Product B,645
2024-04-30,North,Product C,830
2024-04-30,South,Product A,557
2024-04-30,South,Product B,902
2024-04-30,South,Product C,865
2024-04-30,East,Product A,568
2024-04-30,East,Product B,669
2024-04-30,East,Product C,552
2024-04-30,West,Product A,909
2024-04-30,West,Product B,558
2024-04-30,West,Product C,776
2024-05-01,North,Product A,824
2024-05-01,North,Product B,796
2024-05-01,North,Product C,555
2024-05-01,South,Product A,746
2024-05-01,South,Product B,978
2024-05-01,South,Product C,983
2024-05-01,East,Product A,784
2024-05-01,East,Product B,940
2024-05-01,East,Product C,610
2024-05-01,West,Product A,974
2024-05-01,West,Product B,624
2024-05-01,West,Product C,579
2024-05-02,North,Product A,701
2024-05-02,North,Product B,606
2024-05-02,North,Product C,654
2024-05-02,South,Product A,972
2024-05-02,South,Product B,540
2024-05-02,South,Product C,901
2024-05-02,East,Product A,937
2024-05-02,East,Product B,655
2024-05-02,East,Product C,541
2024-05-02,West,Product A,853
2024-05-02,West,Product B,561
2024-05-02,West,Product C,593
2024-05-03,North,Product A,643
2024-05-03,North,Product B,887
2024-05-03,North,Product C,544
2024-05-03,South,Product A,521
2024-05-03,South,Product B,934
2024-05-03,South,Product C,708
2024-05-03,East,Product A,785
2024-05-03,East,Product B,737
2024-05-03,East,Product C,655
2024-05-03,West,Product A,974
2024-05-03,West,Product B,867
2024-05-03,West,Product C,876
2024-05-04,North,Product A,712
2024-05-04,North,Product B,652
2024-05-04,North,Product C,561
2024-05-04,South,Product A,691
2024-05-04,South,Product B,715
2024-05-04,South,Product C,861
2024-05-04,East,Product A,607
2024-05-04,East,Product B,721
2024-05-04,East,Product C,508
2024-05-04,West,Product A,877
2024-05-04,West,Product B,531
2024-05-04,West,Product C,543
2024-05-05,North,Product A,653
2024-05-05,North,Product B,959
2024-05-05,North,Product C,755
2024-05-05,South,Product A,773
2024-05-05,South,Product B,907
2024-05-05,South,Product C,969
2024-05-05,East,Product A,816
2024-05-05,East,Product B,500
2024-05-05,East,Product C,557
2024-05-05,West,Product A,856
2024-05-05,West,Product B,519
2024-05-05,West,Product C,724
2024-05-06,North,Product A,511
2024-05-06,North,Product B,877
2024-05-06,North,Product C,987
2024-05-06,South,Product A,817
2024-05-06,South,Product B,984
2024-05-06,South,Product C,664
2024-05-06,East,Product A,862
2024-05-06,East,Product B,953
2024-05-06,East,Product C,529
2024-05-06,West,Product A,716
2024-05-06,West,Product B,909
2024-05-06,West,Product C,822
2024-05-07,North,Product A,702
2024-05-07,North,Product B,876
2024-05-07,North,Product C,864
2024-05-07,South,Product A,518
2024-05-07,South,Product B,600
2024-05-07,South,Product C,531
2024-05-07,East,Product A,862
2024-05-07,East,Product B,707
2024-05-07,East,Product C,756
2024-05-07,West,Product A,669
2024-05-07,West,Product B,877
2024-05-07,West,Product C,966
2024-05-08,North,Product A,609
2024-05-08,North,Product B,760
2024-05-08,North,Product C,762
2024-05-08,South,Product A,731
2024-05-08,South,Product B,816
2024-05-08,South,Product C,810
2024-05-08,East,Product A,899
2024-05-08,East,Product B,796
2024-05-08,East,Product C,642
2024-05-08,West,Product A,815
2024-05-08,West,Product B,895
2024-05-08,West,Product C,620
2024-05-09,North,Product A,613
2024-05-09,North,Product B,919
2024-05-09,North,Product C,549
2024-05-09,South,Product A,880
2024-05-09,South,Product B,907
2024-05-09,South,Product C,699
2024-05-09,East,Product A,672
2024-05-09,East,Product B,753
2024-05-09,East,Product C,752
2024-05-09,West,Product A,531
2024-05-09,West,Product B,645
2024-05-09,West,Product C,753
2024-05-10,North,Product A,893
2024-05-10,North,Product B,678
2024-05-10,North,Product C,570
2024-05-10,South,Product A,505
2024-05-10,South,Product B,550
2024-05-10,South,Product C,865
2024-05-10,East,Product A,871
2024-05-10,East,Product B,561
2024-05-10,East,Product C,900
2024-05-10,West,Product A,549
2024-05-10,West,Product B,666
2024-05-10,West,Product C,819
2024-05-11,North,Product A,857
2024-05-11,North,Product B,530
2024-05-11,North,Product C,796
2024-05-11,South,Product A,618
2024-05-11,South,Product B,629
2024-05-11,South,Product C,652
2024-05-11,East,Product A,987
2024-05-11,East,Product B,926
2024-05-11,East,Product C,875
2024-05-11,West,Product A,600
2024-05-11,West,Product B,559
2024-05-11,West,Product C,688
2024-05-12,North,Product A,836
2024-05-12,North,Product B,749
2024-05-12,North,Product C,505
2024-05-12,South,Product A,820
2024-05-12,South,Product B,758
2024-05-12,South,Product C,953
2024-05-12,East,Product A,533
2024-05-12,East,Product B,996
2024-05-12,East,Product C,881
2024-05-12,West,Product A,878
2024-05-12,West,Product B,665
2024-05-12,West,Product C,697
2024-05-13,North,Product A,606
2024-05-13,North,Product B,555
2024-05-13,North,Product C,861
2024-05-13,South,Product A,954
2024-05-13,South,Product B,987
2024-05-13,South,Product C,620
2024-05-13,East,Product A,634
2024-05-13,East,Product B,546
2024-05-13,East,Product C,603
2024-05-13,West,Product A,607
2024-05-13,West,Product B,758
2024-05-13,West,Product C,741
2024-05-14,North,Product A,885
2024-05-14,North,Product B,833
2024-05-14,North,Product C,695
2024-05-14,South,Product A,918
2024-05-14,South,Product B,755
2024-05-14,South,Product C,787
2024-05-14,East,Product A,885
2024-05-14,East,Product B,710
2024-05-14,East,Product C,927
2024-05-14,West,Product A,991
2024-05-14,West,Product B,943
2024-05-14,West,Product C,961
2024-05-15,North,Product A,625
2024-05-15,North,Product B,679
2024-05-15,North,Product C,625
2024-05-15,South,Product A,628
2024-05-15,South,Product B,745
2024-05-15,South,Product C,806
2024-05-15,East,Product A,966
2024-05-15,East,Product B,899
2024-05-15,East,Product C,998
2024-05-15,West,Product A,716
2024-05-15,West,Product B,911
2024-05-15,West,Product C,534
2024-05-16,North,Product A,765
2024-05-16,North,Product B,674
2024-05-16,North,Product C,997
2024-05-16,South,Product A,792
2024-05-16,South,Product B,849
2024-05-16,South,Product C,535
2024-05-16,East,Product A,676
2024-05-16,East,Product B,510
2024-05-16,East,Product C,684
2024-05-16,West,Product A,583
2024-05-16,West,Product B,895
2024-05-16,West,Product C,868
2024-05-17,North,Product A,990
2024-05-17,North,Product B,531
2024-05-17,North,Product C,670
2024-05-17,South,Product A,924
2024-05-17,South,Product B,551
2024-05-17,South,Product C,856
2024-05-17,East,Product A,852
2024-05-17,East,Product B,666
2024-05-17,East,Product C,752
2024-05-17,West,Product A,992
2024-05-17,West,Product B,982
2024-05-17,West,Product C,515
2024-05-18,North,Product A,908
2024-05-18,North,Product B,555
2024-05-18,North,Product C,728
2024-05-18,South,Product A,588
2024-05-18,South,Product B,527
2024-05-18,South,Product C,846
2024-05-18,East,Product A,823
2024-05-18,East,Product B,689
2024-05-18,East,Product C,648
2024-05-18,West,Product A,920
2024-05-18,West,Product B,896
2024-05-18,West,Product C,559
2024-05-19,North,Product A,952
2024-05-19,North,Product B,806
2024-05-19,North,Product C,633
2024-05-19,South,Product A,804
2024-05-19,South,Product B,657
2024-05-19,South,Product C,910
2024-05-19,East,Product A,589
2024-05-19,East,Product B,731
2024-05-19,East,Product C,849
2024-05-19,West,Product A,661
2024-05-19,West,Product B,947
2024-05-19,West,Product C,598
2024-05-20,North,Product A,914
2024-05-20,North,Product B,697
2024-05-20,North,Product C,828
2024-05-20,South,Product A,580
2024-05-20,South,Product B,611
2024-05-20,South,Product C,671
2024-05-20,East,Product A,756
2024-05-20,East,Product B,811
2024-05-20,East,Product C,751
2024-05-20,West,Product A,892
2024-05-20,West,Product B,770
2024-05-20,West,Product C,908
2024-05-21,North,Product A,926
2024-05-21,North,Product B,820
2024-05-21,North,Product C,824
2024-05-21,South,Product A,856
2024-05-21,South,Product B,553
2024-05-21,South,Product C,565
2024-05-21,East,Product A,828
2024-05-21,East,Product B,607
2024-05-21,East,Product C,590
2024-05-21,West,Product A,980
2024-05-21,West,Product B,669
2024-05-21,West,Product C,639
2024-05-22,North,Product A,930
2024-05-22,North,Product B,807
2024-05-22,North,Product C,979
2024-05-22,South,Product A,589
2024-05-22,South,Product B,626
2024-05-22,South,Product C,648
2024-05-22,East,Product A,994
2024-05-22,East,Product B,858
2024-05-22,East,Product C,922
2024-05-22,West,Product A,707
2024-05-22,West,Product B,692
2024-05-22,West,Product C,869
2024-05-23,North,Product A,708
2024-05-23,North,Product B,833
2024-05-23,North,Product C,829
2024-05-23,South,Product A,849
2024-05-23,South,Product B,879
2024-05-23,South,Product C,882
2024-05-23,East,Product A,627
2024-05-23,East,Product B,862
2024-05-23,East,Product C,535
2024-05-23,West,Product A,748
2024-05-23,West,Product B,743
2024-05-23,West,Product C,779
2024-05-24,North,Product A,582
2024-05-24,North,Product B,801
2024-05-24,North,Product C,554
2024-05-24,South,Product A,629
2024-05-24,South,Product B,622
2024-05-24,South,Product C,603
2024-05-24,East,Product A,513
2024-05-24,East,Product B,552
2024-05-24,East,Product C,972
2024-05-24,West,Product A,859
2024-05-24,West,Product B,716
2024-05-24,West,Product C,638
2024-05-25,North,Product A,748
2024-05-25,North,Product B,828
2024-05-25,North,Product C,536
2024-05-25,South,Product A,758
2024-05-25,South,Product B,629
2024-05-25,South,Product C,719
2024-05-25,East,Product A,607
2024-05-25,East,Product B,728
2024-05-25,East,Product C,994
2024-05-25,West,Product A,783
2024-05-25,West,Product B,706
2024-05-25,West,Product C,519
2024-05-26,North,Product A,797
2024-05-26,North,Product B,538
2024-05-26,North,Product C,712
2024-05-26,South,Product A,749
2024-05-26,South,Product B,768
2024-05-26,South,Product C,570
2024-05-26,East,Product A,897
2024-05-26,East,Product B,512
2024-05-26,East,Product C,840
2024-05-26,West,Product A,798
2024-05-26,West,Product B,932
2024-05-26,West,Product C,691
2024-05-27,North,Product A,755
2024-05-27,North,Product B,922
2024-05-27,North,Product C,885
2024-05-27,South,Product A,674
2024-05-27,South,Product B,822
2024-05-27,South,Product C,954
2024-05-27,East,Product A,932
2024-05-27,East,Product B,754
2024-05-27,East,Product C,847
2024-05-27,West,Product A,943
2024-05-27,West,Product B,706
2024-05-27,West,Product C,606
2024-05-28,North,Product A,826
2024-05-28,North,Product B,675
2024-05-28,North,Product C,527
2024-05-28,South,Product A,627
2024-05-28,South,Product B,652
2024-05-28,South,Product C,702
2024-05-28,East,Product A,584
2024-05-28,East,Product B,770
2024-05-28,East,Product C,543
2024-05-28,West,Product A,811
2024-05-28,West,Product B,768
2024-05-28,West,Product C,832
2024-05-29,North,Product A,578
2024-05-29,North,Product B,604
2024-05-29,North,Product C,892
2024-05-29,South,Product A,838
2024-05-29,South,Product B,726
2024-05-29,South,Product C,549
2024-05-29,East,Product A,555
2024-05-29,East,Product B,942
2024-05-29,East,Product C,614
2024-05-29,West,Product A,843
2024-05-29,West,Product B,697
2024-05-29,West,Product C,631
2024-05-30,North,Product A,938
2024-05-30,North,Product B,826
2024-05-30,North,Product C,649
2024-05-30,South,Product A,944
2024-05-30,South,Product B,726
2024-05-30,South,Product C,740
2024-05-30,East,Product A,900
2024-05-30,East,Product B,889
2024-05-30,East,Product C,764
2024-05-30,West,Product A,669
2024-05-30,West,Product B,985
2024-05-30,West,Product C,672
2024-05-31,North,Product A,948
2024-05-31,North,Product B,754
2024-05-31,North,Product C,506
2024-05-31,South,Product A,950
2024-05-31,South,Product B,526
2024-05-31,South,Product C,908
2024-05-31,East,Product A,906
2024-05-31,East,Product B,914
2024-05-31,East,Product C,953
2024-05-31,West,Product A,761
2024-05-31,West,Product B,610
2024-05-31,West,Product C,981
2024-06-01,North,Product A,523
2024-06-01,North,Product B,640
2024-06-01,North,Product C,602
2024-06-01,South,Product A,525
2024-06-01,South,Product B,539
2024-06-01,South,Product C,836
2024-06-01,East,Product A,930
2024-06-01,East,Product B,927
2024-06-01,East,Product C,718
2024-06-01,West,Product A,846
2024-06-01,West,Product B,862
2024-06-01,West,Product C,826
2024-06-02,North,Product A,812
2024-06-02,North,Product B,705
2024-06-02,North,Product C,842
2024-06-02,South,Product A,610
2024-06-02,South,Product B,794
2024-06-02,South,Product C,611
2024-06-02,East,Product A,740
2024-06-02,East,Product B,502
2024-06-02,East,Product C,683
2024-06-02,West,Product A,572
2024-06-02,West,Product B,830
2024-06-02,West,Product C,899
2024-06-03,North,Product A,609
2024-06-03,North,Product B,542
2024-06-03,North,Product C,662
2024-06-03,South,Product A,799
2024-06-03,South,Product B,602
2024-06-03,South,Product C,525
2024-06-03,East,Product A,537
2024-06-03,East,Product B,624
2024-06-03,East,Product C,674
2024-06-03,West,Product A,838
2024-06-03,West,Product B,583
2024-06-03,West,Product C,766
2024-06-04,North,Product A,903
2024-06-04,North,Product B,756
2024-06-04,North,Product C,565
2024-06-04,South,Product A,958
2024-06-04,South,Product B,940
2024-06-04,South,Product C,829
2024-06-04,East,Product A,594
2024-06-04,East,Product B,950
2024-06-04,East,Product C,714
2024-06-04,West,Product A,521
2024-06-04,West,Product B,991
2024-06-04,West,Product C,670
2024-06-05,North,Product A,573
2024-06-05,North,Product B,611
2024-06-05,North,Product C,678
2024-06-05,South,Product A,651
2024-06-05,South,Product B,611
2024-06-05,South,Product C,553
2024-06-05,East,Product A,828
2024-06-05,East,Product B,953
2024-06-05,East,Product C,651
2024-06-05,West,Product A,725
2024-06-05,West,Product B,690
2024-06-05,West,Product C,618
2024-06-06,North,Product A,692
2024-06-06,North,Product B,834
2024-06-06,North,Product C,733
2024-06-06,South,Product A,732
2024-06-06,South,Product B,519
2024-06-06,South,Product C,717
2024-06-06,East,Product A,795
2024-06-06,East,Product B,977
2024-06-06,East,Product C,756
2024-06-06,West,Product A,812
2024-06-06,West,Product B,628
2024-06-06,West,Product C,551
2024-06-07,North,Product A,637
2024-06-07,North,Product B,931
2024-06-07,North,Product C,820
2024-06-07,South,Product A,502
2024-06-07,South,Product B,502
2024-06-07,South,Product C,556
2024-06-07,East,Product A,917
2024-06-07,East,Product B,776
2024-06-07,East,Product C,851
2024-06-07,West,Product A,710
2024-06-07,West,Product B,620
2024-06-07,West,Product C,935
2024-06-08,North,Product A,555
2024-06-08,North,Product B,616
2024-06-08,North,Product C,654
2024-06-08,South,Product A,683
2024-06-08,South,Product B,592
2024-06-08,South,Product C,651
2024-06-08,East,Product A,880
2024-06-08,East,Product B,837
2024-06-08,East,Product C,793
2024-06-08,West,Product A,596
2024-06-08,West,Product B,620
2024-06-08,West,Product C,708
2024-06-09,North,Product A,809
2024-06-09,North,Product B,715
2024-06-09,North,Product C,955
2024-06-09,South,Product A,514
2024-06-09,South,Product B,710
2024-06-09,South,Product C,956
2024-06-09,East,Product A,609
2024-06-09,East,Product B,541
2024-06-09,East,Product C,977
2024-06-09,West,Product A,671
2024-06-09,West,Product B,832
2024-06-09,West,Product C,727
2024-06-10,North,Product A,818
2024-06-10,North,Product B,509
2024-06-10,North,Product C,896
2024-06-10,South,Product A,680
2024-06-10,South,Product B,981
2024-06-10,South,Product C,797
2024-06-10,East,Product A,978
2024-06-10,East,Product B,739
2024-06-10,East,Product C,921
2024-06-10,West,Product A,882
2024-06-10,West,Product B,714
2024-06-10,West,Product C,657
2024-06-11,North,Product A,800
2024-06-11,North,Product B,884
2024-06-11,North,Product C,707
2024-06-11,South,Product A,758
2024-06-11,South,Product B,818
2024-06-11,South,Product C,795
2024-06-11,East,Product A,525
2024-06-11,East,Product B,892
2024-06-11,East,Product C,531
2024-06-11,West,Product A,667
2024-06-11,West,Product B,558
2024-06-11,West,Product C,620
2024-06-12,North,Product A,810
2024-06-12,North,Product B,719
2024-06-12,North,Product C,509
2024-06-12,South,Product A,920
2024-06-12,South,Product B,615
2024-06-12,South,Product C,807
2024-06-12,East,Product A,885
2024-06-12,East,Product B,914
2024-06-12,East,Product C,974
2024-06-12,West,Product A,858
2024-06-12,West,Product B,579
2024-06-12,West,Product C,897
2024-06-13,North,Product A,990
2024-06-13,North,Product B,871
2024-06-13,North,Product C,839
2024-06-13,South,Product A,914
2024-06-13,South,Product B,735
2024-06-13,South,Product C,910
2024-06-13,East,Product A,629
2024-06-13,East,Product B,930
2024-06-13,East,Product C,638
2024-06-13,West,Product A,930
2024-06-13,West,Product B,599
2024-06-13,West,Product C,712
2024-06-14,North,Product A,510
2024-06-14,North,Product B,778
2024-06-14,North,Product C,644
2024-06-14,South,Product A,989
2024-06-14,South,Product B,626
2024-06-14,South,Product C,714
2024-06-14,East,Product A,929
2024-06-14,East,Product B,818
2024-06-14,East,Product C,983
2024-06-14,West,Product A,553
2024-06-14,West,Product B,997
2024-06-14,West,Product C,662
2024-06-15,North,Product A,665
2024-06-15,North,Product B,647
2024-06-15,North,Product C,611
2024-06-15,South,Product A,739
2024-06-15,South,Product B,824
2024-06-15,South,Product C,661
2024-06-15,East,Product A,694
2024-06-15,East,Product B,565
2024-06-15,East,Product C,518
2024-06-15,West,Product A,753
2024-06-15,West,Product B,675
2024-06-15,West,Product C,984
2024-06-16,North,Product A,666
2024-06-16,North,Product B,923
2024-06-16,North,Product C,662
2024-06-16,South,Product A,657
2024-06-16,South,Product B,969
2024-06-16,South,Product C,655
2024-06-16,East,Product A,829
2024-06-16,East,Product B,629
2024-06-16,East,Product C,967
2024-06-16,West,Product A,504
2024-06-16,West,Product B,654
2024-06-16,West,Product C,666
2024-06-17,North,Product A,551
2024-06-17,North,Product B,665
2024-06-17,North,Product C,649
2024-06-17,South,Product A,517
2024-06-17,South,Product B,544
2024-06-17,South,Product C,925
2024-06-17,East,Product A,664
2024-06-17,East,Product B,729
2024-06-17,East,Product C,793
2024-06-17,West,Product A,645
2024-06-17,West,Product B,896
2024-06-17,West,Product C,925
2024-06-18,North,Product A,663
2024-06-18,North,Product B,572
2024-06-18,North,Product C,642
2024-06-18,South,Product A,542
2024-06-18,South,Product B,674
2024-06-18,South,Product C,606
2024-06-18,East,Product A,658
2024-06-18,East,Product B,667
2024-06-18,East,Product C,624
2024-06-18,West,Product A,758
2024-06-18,West,Product B,945
2024-06-18,West,Product C,834
2024-06-19,North,Product A,585
2024-06-19,North,Product B,812
2024-06-19,North,Product C,584
2024-06-19,South,Product A,634
2024-06-19,South,Product B,668
2024-06-19,South,Product C,501
2024-06-19,East,Product A,565
2024-06-19,East,Product B,998
2024-06-19,East,Product C,733
2024-06-19,West,Product A,880
2024-06-19,West,Product B,900
2024-06-19,West,Product C,829
2024-06-20,North,Product A,802
2024-06-20,North,Product B,597
2024-06-20,North,Product C,727
2024-06-20,South,Product A,542
2024-06-20,South,Product B,757
2024-06-20,South,Product C,855
2024-06-20,East,Product A,669
2024-06-20,East,Product B,577
2024-06-20,East,Product C,688
2024-06-20,West,Product A,987
2024-06-20,West,Product B,636
2024-06-20,West,Product C,563
2024-06-21,North,Product A,988
2024-06-21,North,Product B,756
2024-06-21,North,Product C,974
2024-06-21,South,Product A,966
2024-06-21,South,Product B,844
2024-06-21,South,Product C,929
2024-06-21,East,Product A,915
2024-06-21,East,Product B,721
2024-06-21,East,Product C,747
2024-06-21,West,Product A,615
2024-06-21,West,Product B,563
2024-06-21,West,Product C,705
2024-06-22,North,Product A,651
2024-06-22,North,Product B,560
2024-06-22,North,Product C,864
2024-06-22,South,Product A,830
2024-06-22,South,Product B,974
2024-06-22,South,Product C,530
2024-06-22,East,Product A,800
2024-06-22,East,Product B,674
2024-06-22,East,Product C,755
2024-06-22,West,Product A,596
2024-06-22,West,Product B,886
2024-06-22,West,Product C,822
2024-06-23,North,Product A,861
2024-06-23,North,Product B,763
2024-06-23,North,Product C,923
2024-06-23,South,Product A,758
2024-06-23,South,Product B,616
2024-06-23,South,Product C,920
2024-06-23,East,Product A,669
2024-06-23,East,Product B,679
2024-06-23,East,Product C,565
2024-06-23,West,Product A,634
2024-06-23,West,Product B,654
2024-06-23,West,Product C,596
2024-06-24,North,Product A,901
2024-06-24,North,Product B,921
2024-06-24,North,Product C,936
2024-06-24,South,Product A,698
2024-06-24,South,Product B,955
2024-06-24,South,Product C,598
2024-06-24,East,Product A,606
2024-06-24,East,Product B,680
2024-06-24,East,Product C,987
2024-06-24,West,Product A,876
2024-06-24,West,Product B,611
2024-06-24,West,Product C,666
2024-06-25,North,Product A,802
2024-06-25,North,Product B,717
2024-06-25,North,Product C,620
2024-06-25,South,Product A,904
2024-06-25,South,Product B,849
2024-06-25,South,Product C,668
2024-06-25,East,Product A,977
2024-06-25,East,Product B,661
2024-06-25,East,Product C,983
2024-06-25,West,Product A,640
2024-06-25,West,Product B,607
2024-06-25,West,Product C,913
2024-06-26,North,Product A,727
2024-06-26,North,Product B,588
2024-06-26,North,Product C,902
2024-06-26,South,Product A,810
2024-06-26,South,Product B,863
2024-06-26,South,Product C,854
2024-06-26,East,Product A,781
2024-06-26,East,Product B,501
2024-06-26,East,Product C,650
2024-06-26,West,Product A,758
2024-06-26,West,Product B,931
2024-06-26,West,Product C,855
2024-06-27,North,Product A,772
2024-06-27,North,Product B,555
2024-06-27,North,Product C,966
2024-06-27,South,Product A,598
2024-06-27,South,Product B,513
2024-06-27,South,Product C,533
2024-06-27,East,Product A,929
2024-06-27,East,Product B,581
2024-06-27,East,Product C,698
2024-06-27,West,Product A,590
2024-06-27,West,Product B,698
2024-06-27,West,Product C,667
2024-06-28,North,Product A,799
2024-06-28,North,Product B,748
2024-06-28,North,Product C,635
2024-06-28,South,Product A,809
2024-06-28,South,Product B,980
2024-06-28,South,Product C,624
2024-06-28,East,Product A,928
2024-06-28,East,Product B,659
2024-06-28,East,Product C,577
2024-06-28,West,Product A,974
2024-06-28,West,Product B,854
2024-06-28,West,Product C,962
2024-06-29,North,Product A,944
2024-06-29,North,Product B,651
2024-06-29,North,Product C,567
2024-06-29,South,Product A,806
2024-06-29,South,Product B,883
2024-06-29,South,Product C,923
2024-06-29,East,Product A,535
2024-06-29,East,Product B,948
2024-06-29,East,Product C,501
2024-06-29,West,Product A,635
2024-06-29,West,Product B,848
2024-06-29,West,Product C,537
2024-06-30,North,Product A,828
2024-06-30,North,Product B,789
2024-06-30,North,Product C,930
2024-06-30,South,Product A,776
2024-06-30,South,Product B,618
2024-06-30,South,Product C,739
2024-06-30,East,Product A,604
2024-06-30,East,Product B,864
2024-06-30,East,Product C,973
2024-06-30,West,Product A,711
2024-06-30,West,Product B,611
2024-06-30,West,Product C,557
2024-07-01,North,Product A,774
2024-07-01,North,Product B,935
2024-07-01,North,Product C,657
2024-07-01,South,Product A,517
2024-07-01,South,Product B,749
2024-07-01,South,Product C,569
2024-07-01,East,Product A,953
2024-07-01,East,Product B,858
2024-07-01,East,Product C,864
2024-07-01,West,Product A,886
2024-07-01,West,Product B,681
2024-07-01,West,Product C,752
2024-07-02,North,Product A,953
2024-07-02,North,Product B,646
2024-07-02,North,Product C,921
2024-07-02,South,Product A,992
2024-07-02,South,Product B,917
2024-07-02,South,Product C,521
2024-07-02,East,Product A,967
2024-07-02,East,Product B,891
2024-07-02,East,Product C,939
2024-07-02,West,Product A,797
2024-07-02,West,Product B,511
2024-07-02,West,Product C,538
2024-07-03,North,Product A,500
2024-07-03,North,Product B,662
2024-07-03,North,Product C,655
2024-07-03,South,Product A,688
2024-07-03,South,Product B,671
2024-07-03,South,Product C,857
2024-07-03,East,Product A,711
2024-07-03,East,Product B,633
2024-07-03,East,Product C,665
2024-07-03,West,Product A,682
2024-07-03,West,Product B,639
2024-07-03,West,Product C,740
2024-07-04,North,Product A,562
2024-07-04,North,Product B,517
2024-07-04,North,Product C,764
2024-07-04,South,Product A,745
2024-07-04,South,Product B,512
2024-07-04,South,Product C,711
2024-07-04,East,Product A,926
2024-07-04,East,Product B,989
2024-07-04,East,Product C,588
2024-07-04,West,Product A,699
2024-07-04,West,Product B,0
2024-07-04,West,Product C,996
2024-07-05,North,Product A,653
2024-07-05,North,Product B,868
2024-07-05,North,Product C,684
2024-07-05,South,Product A,691
2024-07-05,South,Product B,837
2024-07-05,South,Product C,794
2024-07-05,East,Product A,985
2024-07-05,East,Product B,805
2024-07-05,East,Product C,805
2024-07-05,West,Product A,997
2024-07-05,West,Product B,953
2024-07-05,West,Product C,559
2024-07-06,North,Product A,674
2024-07-06,North,Product B,799
2024-07-06,North,Product C,930
2024-07-06,South,Product A,622
2024-07-06,South,Product B,621
2024-07-06,South,Product C,951
2024-07-06,East,Product A,798
2024-07-06,East,Product B,767
2024-07-06,East,Product C,868
2024-07-06,West,Product A,948
2024-07-06,West,Product B,0
2024-07-06,West,Product C,739
2024-07-07,North,Product A,945
2024-07-07,North,Product B,604
2024-07-07,North,Product C,646
2024-07-07,South,Product A,839
2024-07-07,South,Product B,911
2024-07-07,South,Product C,955
2024-07-07,East,Product A,529
2024-07-07,East,Product B,576
2024-07-07,East,Product C,897
2024-07-07,West,Product A,794
2024-07-07,West,Product B,653
2024-07-07,West,Product C,739
2024-07-08,North,Product A,883
2024-07-08,North,Product B,557
2024-07-08,North,Product C,542
2024-07-08,South,Product A,506
2024-07-08,South,Product B,941
2024-07-08,South,Product C,699
2024-07-08,East,Product A,953
2024-07-08,East,Product B,748
2024-07-08,East,Product C,511
2024-07-08,West,Product A,746
2024-07-08,West,Product B,0
2024-07-08,West,Product C,569
2024-07-09,North,Product A,659
2024-07-09,North,Product B,822
2024-07-09,North,Product C,659
2024-07-09,South,Product A,660
2024-07-09,South,Product B,637
2024-07-09,South,Product C,627
2024-07-09,East,Product A,720
2024-07-09,East,Product B,544
2024-07-09,East,Product C,820
2024-07-09,West,Product A,987
2024-07-09,West,Product B,0
2024-07-09,West,Product C,979
2024-07-10,North,Product A,964
2024-07-10,North,Product B,661
2024-07-10,North,Product C,982
2024-07-10,South,Product A,746
2024-07-10,South,Product B,913
2024-07-10,South,Product C,548
2024-07-10,East,Product A,885
2024-07-10,East,Product B,906
2024-07-10,East,Product C,931
2024-07-10,West,Product A,959
2024-07-10,West,Product B,0
2024-07-10,West,Product C,943
2024-07-11,North,Product A,620
2024-07-11,North,Product B,564
2024-07-11,North,Product C,657
2024-07-11,South,Product A,928
2024-07-11,South,Product B,708
2024-07-11,South,Product C,612
2024-07-11,East,Product A,767
2024-07-11,East,Product B,672
2024-07-11,East,Product C,618
2024-07-11,West,Product A,809
2024-07-11,West,Product B,986
2024-07-11,West,Product C,542
2024-07-12,North,Product A,696
2024-07-12,North,Product B,584
2024-07-12,North,Product C,795
2024-07-12,South,Product A,907
2024-07-12,South,Product B,840
2024-07-12,South,Product C,549
2024-07-12,East,Product A,842
2024-07-12,East,Product B,500
2024-07-12,East,Product C,977
2024-07-12,West,Product A,616
2024-07-12,West,Product B,0
2024-07-12,West,Product C,503
2024-07-13,North,Product A,789
2024-07-13,North,Product B,779
2024-07-13,North,Product C,787
2024-07-13,South,Product A,901
2024-07-13,South,Product B,935
2024-07-13,South,Product C,939
2024-07-13,East,Product A,861
2024-07-13,East,Product B,756
2024-07-13,East,Product C,952
2024-07-13,West,Product A,759
2024-07-13,West,Product B,858
2024-07-13,West,Product C,797
2024-07-14,North,Product A,675
2024-07-14,North,Product B,769
2024-07-14,North,Product C,764
2024-07-14,South,Product A,755
2024-07-14,South,Product B,923
2024-07-14,South,Product C,897
2024-07-14,East,Product A,773
2024-07-14,East,Product B,946
2024-07-14,East,Product C,555
2024-07-14,West,Product A,687
2024-07-14,West,Product B,967
2024-07-14,West,Product C,780
2024-07-15,North,Product A,928
2024-07-15,North,Product B,914
2024-07-15,North,Product C,509
2024-07-15,South,Product A,502
2024-07-15,South,Product B,574
2024-07-15,South,Product C,746
2024-07-15,East,Product A,949
2024-07-15,East,Product B,753
2024-07-15,East,Product C,968
2024-07-15,West,Product A,694
2024-07-15,West,Product B,583
2024-07-15,West,Product C,760
2024-07-16,North,Product A,787
2024-07-16,North,Product B,510
2024-07-16,North,Product C,549
2024-07-16,South,Product A,952
2024-07-16,South,Product B,795
2024-07-16,South,Product C,782
2024-07-16,East,Product A,806
2024-07-16,East,Product B,910
2024-07-16,East,Product C,673
2024-07-16,West,Product A,644
2024-07-16,West,Product B,0
2024-07-16,West,Product C,518
2024-07-17,North,Product A,864
2024-07-17,North,Product B,676
2024-07-17,North,Product C,782
2024-07-17,South,Product A,849
2024-07-17,South,Product B,658
2024-07-17,South,Product C,891
2024-07-17,East,Product A,862
2024-07-17,East,Product B,599
2024-07-17,East,Product C,634
2024-07-17,West,Product A,644
2024-07-17,West,Product B,666
2024-07-17,West,Product C,603
2024-07-18,North,Product A,941
2024-07-18,North,Product B,746
2024-07-18,North,Product C,854
2024-07-18,South,Product A,591
2024-07-18,South,Product B,618
2024-07-18,South,Product C,685
2024-07-18,East,Product A,708
2024-07-18,East,Product B,820
2024-07-18,East,Product C,580
2024-07-18,West,Product A,960
2024-07-18,West,Product B,0
2024-07-18,West,Product C,602
2024-07-19,North,Product A,760
2024-07-19,North,Product B,590
2024-07-19,North,Product C,577
2024-07-19,South,Product A,934
2024-07-19,South,Product B,695
2024-07-19,South,Product C,530
2024-07-19,East,Product A,623
2024-07-19,East,Product B,591
2024-07-19,East,Product C,840
2024-07-19,West,Product A,670
2024-07-19,West,Product B,868
2024-07-19,West,Product C,703
2024-07-20,North,Product A,819
2024-07-20,North,Product B,686
2024-07-20,North,Product C,638
2024-07-20,South,Product A,517
2024-07-20,South,Product B,769
2024-07-20,South,Product C,681
2024-07-20,East,Product A,574
2024-07-20,East,Product B,875
2024-07-20,East,Product C,655
2024-07-20,West,Product A,971
2024-07-20,West,Product B,0
2024-07-20,West,Product C,534
2024-07-21,North,Product A,879
2024-07-21,North,Product B,796
2024-07-21,North,Product C,932
2024-07-21,South,Product A,857
2024-07-21,South,Product B,756
2024-07-21,South,Product C,523
2024-07-21,East,Product A,945
2024-07-21,East,Product B,607
2024-07-21,East,Product C,956
2024-07-21,West,Product A,983
2024-07-21,West,Product B,887
2024-07-21,West,Product C,680
2024-07-22,North,Product A,999
2024-07-22,North,Product B,982
2024-07-22,North,Product C,866
2024-07-22,South,Product A,973
2024-07-22,South,Product B,712
2024-07-22,South,Product C,624
2024-07-22,East,Product A,646
2024-07-22,East,Product B,719
2024-07-22,East,Product C,643
2024-07-22,West,Product A,580
2024-07-22,West,Product B,0
2024-07-22,West,Product C,700
2024-07-23,North,Product A,519
2024-07-23,North,Product B,554
2024-07-23,North,Product C,516
2024-07-23,South,Product A,693
2024-07-23,South,Product B,551
2024-07-23,South,Product C,625
2024-07-23,East,Product A,953
2024-07-23,East,Product B,853
2024-07-23,East,Product C,731
2024-07-23,West,Product A,614
2024-07-23,West,Product B,733
2024-07-23,West,Product C,961
2024-07-24,North,Product A,694
2024-07-24,North,Product B,726
2024-07-24,North,Product C,735
2024-07-24,South,Product A,632
2024-07-24,South,Product B,671
2024-07-24,South,Product C,566
2024-07-24,East,Product A,892
2024-07-24,East,Product B,539
2024-07-24,East,Product C,996
2024-07-24,West,Product A,923
2024-07-24,West,Product B,742
2024-07-24,West,Product C,850
2024-07-25,North,Product A,921
2024-07-25,North,Product B,582
2024-07-25,North,Product C,920
2024-07-25,South,Product A,813
2024-07-25,South,Product B,618
2024-07-25,South,Product C,917
2024-07-25,East,Product A,973
2024-07-25,East,Product B,627
2024-07-25,East,Product C,952
2024-07-25,West,Product A,532
2024-07-25,West,Product B,0
2024-07-25,West,Product C,608
2024-07-26,North,Product A,853
2024-07-26,North,Product B,951
2024-07-26,North,Product C,788
2024-07-26,South,Product A,843
2024-07-26,South,Product B,847
2024-07-26,South,Product C,938
2024-07-26,East,Product A,546
2024-07-26,East,Product B,532
2024-07-26,East,Product C,717
2024-07-26,West,Product A,862
2024-07-26,West,Product B,790
2024-07-26,West,Product C,968
2024-07-27,North,Product A,691
2024-07-27,North,Product B,812
2024-07-27,North,Product C,957
2024-07-27,South,Product A,541
2024-07-27,South,Product B,949
2024-07-27,South,Product C,504
2024-07-27,East,Product A,613
2024-07-27,East,Product B,732
2024-07-27,East,Product C,874
2024-07-27,West,Product A,579
2024-07-27,West,Product B,685
2024-07-27,West,Product C,648
2024-07-28,North,Product A,759
2024-07-28,North,Product B,556
2024-07-28,North,Product C,646
2024-07-28,South,Product A,644
2024-07-28,South,Product B,584
2024-07-28,South,Product C,809
2024-07-28,East,Product A,751
2024-07-28,East,Product B,735
2024-07-28,East,Product C,855
2024-07-28,West,Product A,670
2024-07-28,West,Product B,566
2024-07-28,West,Product C,656
2024-07-29,North,Product A,731
2024-07-29,North,Product B,950
2024-07-29,North,Product C,897
2024-07-29,South,Product A,657
2024-07-29,South,Product B,624
2024-07-29,South,Product C,548
2024-07-29,East,Product A,583
2024-07-29,East,Product B,851
2024-07-29,East,Product C,981
2024-07-29,West,Product A,573
2024-07-29,West,Product B,0
2024-07-29,West,Product C,871
2024-07-30,North,Product A,763
2024-07-30,North,Product B,950
2024-07-30,North,Product C,978
2024-07-30,South,Product A,744
2024-07-30,South,Product B,799
2024-07-30,South,Product C,797
2024-07-30,East,Product A,794
2024-07-30,East,Product B,891
2024-07-30,East,Product C,864
2024-07-30,West,Product A,941
2024-07-30,West,Product B,934
2024-07-30,West,Product C,795
2024-07-31,North,Product A,898
2024-07-31,North,Product B,573
2024-07-31,North,Product C,906
2024-07-31,South,Product A,886
2024-07-31,South,Product B,699
2024-07-31,South,Product C,962
2024-07-31,East,Product A,914
2024-07-31,East,Product B,813
2024-07-31,East,Product C,518
2024-07-31,West,Product A,957
2024-07-31,West,Product B,539
2024-07-31,West,Product C,750
