date,region,channel,spend_usd
2024-02-01,North,Social Media,1432.6
2024-02-01,North,TV,736.9
2024-02-01,North,Search Ads,1083.11
2024-02-01,South,Social Media,695.83
2024-02-01,South,TV,496.0
2024-02-01,South,Search Ads,1090.73
2024-02-01,East,Social Media,840.99
2024-02-01,East,TV,1108.06
2024-02-01,East,Search Ads,641.8
2024-02-01,West,Social Media,1225.17
2024-02-01,West,TV,1428.76
2024-02-01,West,Search Ads,722.78
2024-02-02,North,Social Media,1277.64
2024-02-02,North,TV,1529.94
2024-02-02,North,Search Ads,845.35
2024-02-02,South,Social Media,824.35
2024-02-02,South,TV,817.35
2024-02-02,South,Search Ads,585.43
2024-02-02,East,Social Media,1115.64
2024-02-02,East,TV,1416.19
2024-02-02,East,Search Ads,1250.04
2024-02-02,West,Social Media,797.5
2024-02-02,West,TV,779.08
2024-02-02,West,Search Ads,1227.33
2024-02-03,North,Social Media,1408.71
2024-02-03,North,TV,693.41
2024-02-03,North,Search Ads,968.34
2024-02-03,South,Social Media,662.88
2024-02-03,South,TV,1050.15
2024-02-03,South,Search Ads,1077.25
2024-02-03,East,Social Media,1174.04
2024-02-03,East,TV,828.94
2024-02-03,East,Search Ads,1162.18
2024-02-03,West,Social Media,1084.21
2024-02-03,West,TV,1482.62
2024-02-03,West,Search Ads,1177.74
2024-02-04,North,Social Media,1496.4
2024-02-04,North,TV,941.46
2024-02-04,North,Search Ads,663.08
2024-02-04,South,Social Media,860.03
2024-02-04,South,TV,904.03
2024-02-04,South,Search Ads,918.52
2024-02-04,East,Social Media,722.09
2024-02-04,East,TV,874.01
2024-02-04,East,Search Ads,1048.05
2024-02-04,West,Social Media,1504.68
2024-02-04,West,TV,701.87
2024-02-04,West,Search Ads,512.52
2024-02-05,North,Social Media,1166.58
2024-02-05,North,TV,903.22
2024-02-05,North,Search Ads,1180.4
2024-02-05,South,Social Media,1368.81
2024-02-05,South,TV,1225.36
2024-02-05,South,Search Ads,1088.1
2024-02-05,East,Social Media,490.2
2024-02-05,East,TV,931.6
2024-02-05,East,Search Ads,559.74
2024-02-05,West,Social Media,855.53
2024-02-05,West,TV,1124.11
2024-02-05,West,Search Ads,1133.12
2024-02-06,North,Social Media,1301.02
2024-02-06,North,TV,966.6
2024-02-06,North,Search Ads,1055.78
2024-02-06,South,Social Media,1321.43
2024-02-06,South,TV,575.98
2024-02-06,South,Search Ads,792.63
2024-02-06,East,Social Media,601.85
2024-02-06,East,TV,1341.52
2024-02-06,East,Search Ads,826.24
2024-02-06,West,Social Media,776.29
2024-02-06,West,TV,1272.98
2024-02-06,West,Search Ads,1114.5
2024-02-07,North,Social Media,1144.63
2024-02-07,North,TV,1059.71
2024-02-07,North,Search Ads,1260.47
2024-02-07,South,Social Media,851.23
2024-02-07,South,TV,1319.22
2024-02-07,South,Search Ads,672.32
2024-02-07,East,Social Media,720.18
2024-02-07,East,TV,967.15
2024-02-07,East,Search Ads,1356.15
2024-02-07,West,Social Media,1286.22
2024-02-07,West,TV,848.14
2024-02-07,West,Search Ads,1328.45
2024-02-08,North,Social Media,633.6
2024-02-08,North,TV,872.18
2024-02-08,North,Search Ads,1042.67
2024-02-08,South,Social Media,1333.27
2024-02-08,South,TV,488.29
2024-02-08,South,Search Ads,1183.66
2024-02-08,East,Social Media,942.31
2024-02-08,East,TV,1227.2
2024-02-08,East,Search Ads,737.06
2024-02-08,West,Social Media,751.87
2024-02-08,West,TV,633.33
2024-02-08,West,Search Ads,1546.69
2024-02-09,North,Social Media,1498.64
2024-02-09,North,TV,1247.29
2024-02-09,North,Search Ads,807.5
2024-02-09,South,Social Media,1381.48
2024-02-09,South,TV,1429.43
2024-02-09,South,Search Ads,1102.68
2024-02-09,East,Social Media,1057.66
2024-02-09,East,TV,983.8
2024-02-09,East,Search Ads,1444.53
2024-02-09,West,Social Media,1111.31
2024-02-09,West,TV,584.1
2024-02-09,West,Search Ads,540.25
2024-02-10,North,Social Media,935.71
2024-02-10,North,TV,1213.53
2024-02-10,North,Search Ads,1411.33
2024-02-10,South,Social Media,1111.7
2024-02-10,South,TV,1171.49
2024-02-10,South,Search Ads,645.42
2024-02-10,East,Social Media,1351.47
2024-02-10,East,TV,641.29
2024-02-10,East,Search Ads,1437.27
2024-02-10,West,Social Media,1239.87
2024-02-10,West,TV,630.44
2024-02-10,West,Search Ads,1186.13
2024-02-11,North,Social Media,1191.69
2024-02-11,North,TV,1257.98
2024-02-11,North,Search Ads,804.62
2024-02-11,South,Social Media,1300.61
2024-02-11,South,TV,1317.06
2024-02-11,South,Search Ads,1461.3
2024-02-11,East,Social Media,826.04
2024-02-11,East,TV,632.31
2024-02-11,East,Search Ads,567.85
2024-02-11,West,Social Media,1174.24
2024-02-11,West,TV,1311.26
2024-02-11,West,Search Ads,1290.48
2024-02-12,North,Social Media,567.69
2024-02-12,North,TV,671.69
2024-02-12,North,Search Ads,842.03
2024-02-12,South,Social Media,1103.85
2024-02-12,South,TV,495.76
2024-02-12,South,Search Ads,542.36
2024-02-12,East,Social Media,557.69
2024-02-12,East,TV,1264.94
2024-02-12,East,Search Ads,756.63
2024-02-12,West,Social Media,1387.17
2024-02-12,West,TV,1457.72
2024-02-12,West,Search Ads,625.21
2024-02-13,North,Social Media,1510.52
2024-02-13,North,TV,1348.89
2024-02-13,North,Search Ads,1413.11
2024-02-13,South,Social Media,731.27
2024-02-13,South,TV,533.8
2024-02-13,South,Search Ads,1252.78
2024-02-13,East,Social Media,1460.99
2024-02-13,East,TV,1087.33
2024-02-13,East,Search Ads,1463.36
2024-02-13,West,Social Media,1029.91
2024-02-13,West,TV,693.09
2024-02-13,West,Search Ads,656.05
2024-02-14,North,Social Media,910.9
2024-02-14,North,TV,786.62
2024-02-14,North,Search Ads,723.34
2024-02-14,South,Social Media,805.55
2024-02-14,South,TV,1063.2
2024-02-14,South,Search Ads,628.83
2024-02-14,East,Social Media,1218.93
2024-02-14,East,TV,1408.53
2024-02-14,East,Search Ads,1389.1
2024-02-14,West,Social Media,1359.99
2024-02-14,West,TV,591.25
2024-02-14,West,Search Ads,1514.21
2024-02-15,North,Social Media,761.92
2024-02-15,North,TV,1052.14
2024-02-15,North,Search Ads,1261.19
2024-02-15,South,Social Media,591.42
2024-02-15,South,TV,893.77
2024-02-15,South,Search Ads,1094.34
2024-02-15,East,Social Media,1344.01
2024-02-15,East,TV,789.83
2024-02-15,East,Search Ads,972.24
2024-02-15,West,Social Media,801.27
2024-02-15,West,TV,1471.0
2024-02-15,West,Search Ads,965.77
2024-02-16,North,Social Media,1391.55
2024-02-16,North,TV,1292.89
2024-02-16,North,Search Ads,726.0
2024-02-16,South,Social Media,759.84
2024-02-16,South,TV,1235.3
2024-02-16,South,Search Ads,643.88
2024-02-16,East,Social Media,1112.38
2024-02-16,East,TV,1127.76
2024-02-16,East,Search Ads,684.94
2024-02-16,West,Social Media,799.47
2024-02-16,West,TV,1029.91
2024-02-16,West,Search Ads,591.92
2024-02-17,North,Social Media,1210.59
2024-02-17,North,TV,1307.18
2024-02-17,North,Search Ads,1496.18
2024-02-17,South,Social Media,1494.85
2024-02-17,South,TV,862.76
2024-02-17,South,Search Ads,1105.34
2024-02-17,East,Social Media,506.39
2024-02-17,East,TV,1294.43
2024-02-17,East,Search Ads,647.91
2024-02-17,West,Social Media,1134.64
2024-02-17,West,TV,1264.69
2024-02-17,West,Search Ads,1001.69
2024-02-18,North,Social Media,832.12
2024-02-18,North,TV,518.41
2024-02-18,North,Search Ads,1400.2
2024-02-18,South,Social Media,1236.46
2024-02-18,South,TV,1224.14
2024-02-18,South,Search Ads,830.5
2024-02-18,East,Social Media,1500.22
2024-02-18,East,TV,1142.21
2024-02-18,East,Search Ads,583.22
2024-02-18,West,Social Media,1023.79
2024-02-18,West,TV,732.22
2024-02-18,West,Search Ads,1120.81
2024-02-19,North,Social Media,1321.91
2024-02-19,North,TV,578.67
2024-02-19,North,Search Ads,598.27
2024-02-19,South,Social Media,1415.44
2024-02-19,South,TV,1423.69
2024-02-19,South,Search Ads,850.98
2024-02-19,East,Social Media,982.16
2024-02-19,East,TV,908.9
2024-02-19,East,Search Ads,1416.74
2024-02-19,West,Social Media,1031.91
2024-02-19,West,TV,1352.85
2024-02-19,West,Search Ads,1411.34
2024-02-20,North,Social Media,1307.89
2024-02-20,North,TV,1310.16
2024-02-20,North,Search Ads,629.86
2024-02-20,South,Social Media,978.45
2024-02-20,South,TV,820.98
2024-02-20,South,Search Ads,1298.74
2024-02-20,East,Social Media,1206.42
2024-02-20,East,TV,1330.82
2024-02-20,East,Search Ads,878.41
2024-02-20,West,Social Media,1121.88
2024-02-20,West,TV,927.0
2024-02-20,West,Search Ads,1059.13
2024-02-21,North,Social Media,1058.06
2024-02-21,North,TV,663.36
2024-02-21,North,Search Ads,1377.14
2024-02-21,South,Social Media,1000.04
2024-02-21,South,TV,1517.64
2024-02-21,South,Search Ads,457.79
2024-02-21,East,Social Media,1385.51
2024-02-21,East,TV,1512.07
2024-02-21,East,Search Ads,644.93
2024-02-21,West,Social Media,960.57
2024-02-21,West,TV,863.63
2024-02-21,West,Search Ads,638.29
2024-02-22,North,Social Media,578.33
2024-02-22,North,TV,1166.89
2024-02-22,North,Search Ads,634.35
2024-02-22,South,Social Media,1029.79
2024-02-22,South,TV,822.48
2024-02-22,South,Search Ads,1362.71
2024-02-22,East,Social Media,1231.96
2024-02-22,East,TV,681.94
2024-02-22,East,Search Ads,928.49
2024-02-22,West,Social Media,682.83
2024-02-22,West,TV,1305.1
2024-02-22,West,Search Ads,1377.66
2024-02-23,North,Social Media,1428.37
2024-02-23,North,TV,653.71
2024-02-23,North,Search Ads,1130.96
2024-02-23,South,Social Media,860.56
2024-02-23,South,TV,1270.09
2024-02-23,South,Search Ads,718.94
2024-02-23,East,Social Media,1177.91
2024-02-23,East,TV,1288.99
2024-02-23,East,Search Ads,680.98
2024-02-23,West,Social Media,980.41
2024-02-23,West,TV,813.78
2024-02-23,West,Search Ads,554.53
2024-02-24,North,Social Media,1433.9
2024-02-24,North,TV,675.53
2024-02-24,North,Search Ads,978.29
2024-02-24,South,Social Media,1072.97
2024-02-24,South,TV,898.02
2024-02-24,South,Search Ads,1171.99
2024-02-24,East,Social Media,1275.31
2024-02-24,East,TV,473.58
2024-02-24,East,Search Ads,556.13
2024-02-24,West,Social Media,1406.44
2024-02-24,West,TV,546.9
2024-02-24,West,Search Ads,928.21
2024-02-25,North,Social Media,615.47
2024-02-25,North,TV,1443.97
2024-02-25,North,Search Ads,747.74
2024-02-25,South,Social Media,922.45
2024-02-25,South,TV,1414.1
2024-02-25,South,Search Ads,1080.6
2024-02-25,East,Social Media,1142.76
2024-02-25,East,TV,663.43
2024-02-25,East,Search Ads,1326.98
2024-02-25,West,Social Media,760.19
2024-02-25,West,TV,1198.91
2024-02-25,West,Search Ads,598.95
2024-02-26,North,Social Media,1206.15
2024-02-26,North,TV,752.32
2024-02-26,North,Search Ads,610.29
2024-02-26,South,Social Media,487.47
2024-02-26,South,TV,977.34
2024-02-26,South,Search Ads,592.61
2024-02-26,East,Social Media,971.96
2024-02-26,East,TV,1502.47
2024-02-26,East,Search Ads,1405.44
2024-02-26,West,Social Media,1140.56
2024-02-26,West,TV,1219.89
2024-02-26,West,Search Ads,993.4
2024-02-27,North,Social Media,709.77
2024-02-27,North,TV,1109.94
2024-02-27,North,Search Ads,531.61
2024-02-27,South,Social Media,783.89
2024-02-27,South,TV,661.7
2024-02-27,South,Search Ads,953.8
2024-02-27,East,Social Media,1307.16
2024-02-27,East,TV,1089.08
2024-02-27,East,Search Ads,1451.62
2024-02-27,West,Social Media,799.29
2024-02-27,West,TV,1195.14
2024-02-27,West,Search Ads,600.45
2024-02-28,North,Social Media,1337.6
2024-02-28,North,TV,845.04
2024-02-28,North,Search Ads,1155.69
2024-02-28,South,Social Media,1158.42
2024-02-28,South,TV,554.66
2024-02-28,South,Search Ads,1047.63
2024-02-28,East,Social Media,1491.7
2024-02-28,East,TV,1249.47
2024-02-28,East,Search Ads,621.54
2024-02-28,West,Social Media,1360.41
2024-02-28,West,TV,1186.04
2024-02-28,West,Search Ads,711.02
2024-02-29,North,Social Media,1356.97
2024-02-29,North,TV,704.15
2024-02-29,North,Search Ads,1268.25
2024-02-29,South,Social Media,1182.9
2024-02-29,South,TV,775.78
2024-02-29,South,Search Ads,979.76
2024-02-29,East,Social Media,1092.49
2024-02-29,East,TV,1088.93
2024-02-29,East,Search Ads,837.34
2024-02-29,West,Social Media,525.76
2024-02-29,West,TV,1385.34
2024-02-29,West,Search Ads,1256.47
2024-03-01,North,Social Media,706.33
2024-03-01,North,TV,941.99
2024-03-01,North,Search Ads,734.85
2024-03-01,South,Social Media,846.6
2024-03-01,South,TV,994.3
2024-03-01,South,Search Ads,750.54
2024-03-01,East,Social Media,643.26
2024-03-01,East,TV,753.96
2024-03-01,East,Search Ads,1437.62
2024-03-01,West,Social Media,1365.28
2024-03-01,West,TV,1371.16
2024-03-01,West,Search Ads,963.09
2024-03-02,North,Social Media,1035.02
2024-03-02,North,TV,853.2
2024-03-02,North,Search Ads,697.48
2024-03-02,South,Social Media,1413.02
2024-03-02,South,TV,902.28
2024-03-02,South,Search Ads,1172.14
2024-03-02,East,Social Media,931.38
2024-03-02,East,TV,1252.7
2024-03-02,East,Search Ads,652.99
2024-03-02,West,Social Media,930.34
2024-03-02,West,TV,1302.85
2024-03-02,West,Search Ads,648.99
2024-03-03,North,Social Media,1272.56
2024-03-03,North,TV,613.66
2024-03-03,North,Search Ads,1349.95
2024-03-03,South,Social Media,729.64
2024-03-03,South,TV,525.64
2024-03-03,South,Search Ads,497.34
2024-03-03,East,Social Media,1008.03
2024-03-03,East,TV,782.57
2024-03-03,East,Search Ads,786.2
2024-03-03,West,Social Media,856.78
2024-03-03,West,TV,1227.1
2024-03-03,West,Search Ads,1475.49
2024-03-04,North,Social Media,1359.51
2024-03-04,North,TV,1002.6
2024-03-04,North,Search Ads,1459.87
2024-03-04,South,Social Media,916.89
2024-03-04,South,TV,822.89
2024-03-04,South,Search Ads,1063.56
2024-03-04,East,Social Media,1050.29
2024-03-04,East,TV,1296.39
2024-03-04,East,Search Ads,1408.78
2024-03-04,West,Social Media,993.69
2024-03-04,West,TV,1401.12
2024-03-04,West,Search Ads,649.1
2024-03-05,North,Social Media,757.32
2024-03-05,North,TV,742.59
2024-03-05,North,Search Ads,702.79
2024-03-05,South,Social Media,1206.4
2024-03-05,South,TV,959.64
2024-03-05,South,Search Ads,710.01
2024-03-05,East,Social Media,638.24
2024-03-05,East,TV,797.38
2024-03-05,East,Search Ads,1402.79
2024-03-05,West,Social Media,848.46
2024-03-05,West,TV,865.32
2024-03-05,West,Search Ads,938.81
2024-03-06,North,Social Media,1311.08
2024-03-06,North,TV,1095.06
2024-03-06,North,Search Ads,785.22
2024-03-06,South,Social Media,568.88
2024-03-06,South,TV,500.89
2024-03-06,South,Search Ads,1462.37
2024-03-06,East,Social Media,1421.35
2024-03-06,East,TV,1167.71
2024-03-06,East,Search Ads,1337.48
2024-03-06,West,Social Media,1484.44
2024-03-06,West,TV,1206.24
2024-03-06,West,Search Ads,1269.57
2024-03-07,North,Social Media,1260.45
2024-03-07,North,TV,1315.95
2024-03-07,North,Search Ads,703.63
2024-03-07,South,Social Media,613.01
2024-03-07,South,TV,537.68
2024-03-07,South,Search Ads,598.27
2024-03-07,East,Social Media,1360.61
2024-03-07,East,TV,1430.09
2024-03-07,East,Search Ads,1160.6
2024-03-07,West,Social Media,1045.52
2024-03-07,West,TV,770.46
2024-03-07,West,Search Ads,722.87
2024-03-08,North,Social Media,961.98
2024-03-08,North,TV,1098.79
2024-03-08,North,Search Ads,1067.33
2024-03-08,South,Social Media,1525.01
2024-03-08,South,TV,721.69
2024-03-08,South,Search Ads,1021.49
2024-03-08,East,Social Media,976.68
2024-03-08,East,TV,1062.07
2024-03-08,East,Search Ads,1381.78
2024-03-08,West,Social Media,1240.89
2024-03-08,West,TV,1181.88
2024-03-08,West,Search Ads,549.75
2024-03-09,North,Social Media,1295.38
2024-03-09,North,TV,1215.7
2024-03-09,North,Search Ads,1260.13
2024-03-09,South,Social Media,1511.45
2024-03-09,South,TV,1539.83
2024-03-09,South,Search Ads,1019.29
2024-03-09,East,Social Media,860.34
2024-03-09,East,TV,1161.79
2024-03-09,East,Search Ads,1088.13
2024-03-09,West,Social Media,655.34
2024-03-09,West,TV,831.16
2024-03-09,West,Search Ads,1204.04
2024-03-10,North,Social Media,1017.8
2024-03-10,North,TV,737.97
2024-03-10,North,Search Ads,512.63
2024-03-10,South,Social Media,1187.7
2024-03-10,South,TV,505.05
2024-03-10,South,Search Ads,1520.15
2024-03-10,East,Social Media,920.83
2024-03-10,East,TV,1067.1
2024-03-10,East,Search Ads,1439.73
2024-03-10,West,Social Media,1088.88
2024-03-10,West,TV,1382.64
2024-03-10,West,Search Ads,1247.62
2024-03-11,North,Social Media,873.44
2024-03-11,North,TV,730.22
2024-03-11,North,Search Ads,938.1
2024-03-11,South,Social Media,829.18
2024-03-11,South,TV,799.96
2024-03-11,South,Search Ads,710.94
2024-03-11,East,Social Media,848.77
2024-03-11,East,TV,1011.79
2024-03-11,East,Search Ads,648.64
2024-03-11,West,Social Media,1031.01
2024-03-11,West,TV,1415.42
2024-03-11,West,Search Ads,1258.99
2024-03-12,North,Social Media,1378.97
2024-03-12,North,TV,977.95
2024-03-12,North,Search Ads,1510.19
2024-03-12,South,Social Media,1364.1
2024-03-12,South,TV,811.32
2024-03-12,South,Search Ads,1181.9
2024-03-12,East,Social Media,922.82
2024-03-12,East,TV,982.11
2024-03-12,East,Search Ads,769.73
2024-03-12,West,Social Media,772.26
2024-03-12,West,TV,930.87
2024-03-12,West,Search Ads,1457.54
2024-03-13,North,Social Media,1145.51
2024-03-13,North,TV,976.4
2024-03-13,North,Search Ads,1086.41
2024-03-13,South,Social Media,1250.51
2024-03-13,South,TV,1185.77
2024-03-13,South,Search Ads,916.68
2024-03-13,East,Social Media,1326.04
2024-03-13,East,TV,1503.75
2024-03-13,East,Search Ads,1080.99
2024-03-13,West,Social Media,1101.12
2024-03-13,West,TV,1383.16
2024-03-13,West,Search Ads,645.06
2024-03-14,North,Social Media,1473.48
2024-03-14,North,TV,545.8
2024-03-14,North,Search Ads,768.74
2024-03-14,South,Social Media,691.94
2024-03-14,South,TV,480.36
2024-03-14,South,Search Ads,1523.47
2024-03-14,East,Social Media,1145.98
2024-03-14,East,TV,1102.35
2024-03-14,East,Search Ads,1074.61
2024-03-14,West,Social Media,817.11
2024-03-14,West,TV,712.62
2024-03-14,West,Search Ads,591.65
2024-03-15,North,Social Media,1425.76
2024-03-15,North,TV,655.68
2024-03-15,North,Search Ads,955.94
2024-03-15,South,Social Media,1182.07
2024-03-15,South,TV,1185.39
2024-03-15,South,Search Ads,747.12
2024-03-15,East,Social Media,751.01
2024-03-15,East,TV,722.1
2024-03-15,East,Search Ads,996.73
2024-03-15,West,Social Media,702.0
2024-03-15,West,TV,891.82
2024-03-15,West,Search Ads,1346.47
2024-03-16,North,Social Media,1178.33
2024-03-16,North,TV,846.47
2024-03-16,North,Search Ads,1382.98
2024-03-16,South,Social Media,739.9
2024-03-16,South,TV,889.28
2024-03-16,South,Search Ads,669.17
2024-03-16,East,Social Media,1242.41
2024-03-16,East,TV,1337.32
2024-03-16,East,Search Ads,1349.47
2024-03-16,West,Social Media,1375.37
2024-03-16,West,TV,725.6
2024-03-16,West,Search Ads,1452.55
2024-03-17,North,Social Media,649.04
2024-03-17,North,TV,1452.18
2024-03-17,North,Search Ads,1400.88
2024-03-17,South,Social Media,847.44
2024-03-17,South,TV,1221.85
2024-03-17,South,Search Ads,657.97
2024-03-17,East,Social Media,1409.11
2024-03-17,East,TV,488.83
2024-03-17,East,Search Ads,1410.33
2024-03-17,West,Social Media,1006.45
2024-03-17,West,TV,1264.6
2024-03-17,West,Search Ads,1329.8
2024-03-18,North,Social Media,1148.19
2024-03-18,North,TV,1090.5
2024-03-18,North,Search Ads,943.45
2024-03-18,South,Social Media,725.48
2024-03-18,South,TV,678.76
2024-03-18,South,Search Ads,1057.55
2024-03-18,East,Social Media,1061.63
2024-03-18,East,TV,573.06
2024-03-18,East,Search Ads,807.77
2024-03-18,West,Social Media,721.54
2024-03-18,West,TV,1486.86
2024-03-18,West,Search Ads,1269.38
2024-03-19,North,Social Media,763.89
2024-03-19,North,TV,1128.25
2024-03-19,North,Search Ads,1420.83
2024-03-19,South,Social Media,1175.41
2024-03-19,South,TV,648.66
2024-03-19,South,Search Ads,1426.37
2024-03-19,East,Social Media,950.08
2024-03-19,East,TV,837.84
2024-03-19,East,Search Ads,641.97
2024-03-19,West,Social Media,1348.6
2024-03-19,West,TV,971.39
2024-03-19,West,Search Ads,1189.04
2024-03-20,North,Social Media,753.96
2024-03-20,North,TV,588.4
2024-03-20,North,Search Ads,1157.63
2024-03-20,South,Social Media,567.05
2024-03-20,South,TV,1145.25
2024-03-20,South,Search Ads,796.32
2024-03-20,East,Social Media,1335.85
2024-03-20,East,TV,911.88
2024-03-20,East,Search Ads,899.2
2024-03-20,West,Social Media,1428.69
2024-03-20,West,TV,985.48
2024-03-20,West,Search Ads,761.15
2024-03-21,North,Social Media,1318.72
2024-03-21,North,TV,708.68
2024-03-21,North,Search Ads,970.74
2024-03-21,South,Social Media,964.49
2024-03-21,South,TV,913.92
2024-03-21,South,Search Ads,1330.72
2024-03-21,East,Social Media,1216.47
2024-03-21,East,TV,903.41
2024-03-21,East,Search Ads,1377.6
2024-03-21,West,Social Media,1333.96
2024-03-21,West,TV,1195.49
2024-03-21,West,Search Ads,1191.09
2024-03-22,North,Social Media,573.13
2024-03-22,North,TV,822.51
2024-03-22,North,Search Ads,900.78
2024-03-22,South,Social Media,1046.21
2024-03-22,South,TV,499.38
2024-03-22,South,Search Ads,999.9
2024-03-22,East,Social Media,654.14
2024-03-22,East,TV,561.78
2024-03-22,East,Search Ads,697.8
2024-03-22,West,Social Media,894.87
2024-03-22,West,TV,1417.54
2024-03-22,West,Search Ads,1081.13
2024-03-23,North,Social Media,526.37
2024-03-23,North,TV,1095.51
2024-03-23,North,Search Ads,1065.72
2024-03-23,South,Social Media,1180.12
2024-03-23,South,TV,1226.84
2024-03-23,South,Search Ads,548.57
2024-03-23,East,Social Media,1176.39
2024-03-23,East,TV,1447.05
2024-03-23,East,Search Ads,1462.58
2024-03-23,West,Social Media,563.45
2024-03-23,West,TV,1177.98
2024-03-23,West,Search Ads,1480.39
2024-03-24,North,Social Media,871.93
2024-03-24,North,TV,610.79
2024-03-24,North,Search Ads,801.03
2024-03-24,South,Social Media,1008.48
2024-03-24,South,TV,871.68
2024-03-24,South,Search Ads,1054.91
2024-03-24,East,Social Media,1061.34
2024-03-24,East,TV,764.02
2024-03-24,East,Search Ads,1520.27
2024-03-24,West,Social Media,615.3
2024-03-24,West,TV,1374.96
2024-03-24,West,Search Ads,1165.07
2024-03-25,North,Social Media,857.16
2024-03-25,North,TV,1092.11
2024-03-25,North,Search Ads,1425.14
2024-03-25,South,Social Media,905.77
2024-03-25,South,TV,863.58
2024-03-25,South,Search Ads,1155.17
2024-03-25,East,Social Media,1058.53
2024-03-25,East,TV,524.19
2024-03-25,East,Search Ads,875.19
2024-03-25,West,Social Media,1026.62
2024-03-25,West,TV,751.38
2024-03-25,West,Search Ads,567.08
2024-03-26,North,Social Media,1252.74
2024-03-26,North,TV,1153.32
2024-03-26,North,Search Ads,639.91
2024-03-26,South,Social Media,1063.42
2024-03-26,South,TV,647.26
2024-03-26,South,Search Ads,1054.42
2024-03-26,East,Social Media,768.13
2024-03-26,East,TV,575.6
2024-03-26,East,Search Ads,767.5
2024-03-26,West,Social Media,1300.85
2024-03-26,West,TV,1196.02
2024-03-26,West,Search Ads,571.85
2024-03-27,North,Social Media,842.61
2024-03-27,North,TV,565.26
2024-03-27,North,Search Ads,766.57
2024-03-27,South,Social Media,554.8
2024-03-27,South,TV,1073.32
2024-03-27,South,Search Ads,1254.52
2024-03-27,East,Social Media,1367.54
2024-03-27,East,TV,887.76
2024-03-27,East,Search Ads,979.01
2024-03-27,West,Social Media,1098.03
2024-03-27,West,TV,558.22
2024-03-27,West,Search Ads,724.89
2024-03-28,North,Social Media,734.05
2024-03-28,North,TV,1171.79
2024-03-28,North,Search Ads,754.4
2024-03-28,South,Social Media,1057.25
2024-03-28,South,TV,844.37
2024-03-28,South,Search Ads,1070.06
2024-03-28,East,Social Media,1098.12
2024-03-28,East,TV,1158.84
2024-03-28,East,Search Ads,1087.18
2024-03-28,West,Social Media,662.51
2024-03-28,West,TV,1233.24
2024-03-28,West,Search Ads,912.09
2024-03-29,North,Social Media,648.68
2024-03-29,North,TV,1183.37
2024-03-29,North,Search Ads,1434.98
2024-03-29,South,Social Media,1312.98
2024-03-29,South,TV,514.73
2024-03-29,South,Search Ads,1399.39
2024-03-29,East,Social Media,493.02
2024-03-29,East,TV,1371.34
2024-03-29,East,Search Ads,667.28
2024-03-29,West,Social Media,577.39
2024-03-29,West,TV,751.94
2024-03-29,West,Search Ads,800.69
2024-03-30,North,Social Media,1455.93
2024-03-30,North,TV,901.14
2024-03-30,North,Search Ads,696.38
2024-03-30,South,Social Media,825.01
2024-03-30,South,TV,1378.49
2024-03-30,South,Search Ads,1481.66
2024-03-30,East,Social Media,1296.09
2024-03-30,East,TV,532.76
2024-03-30,East,Search Ads,1222.87
2024-03-30,West,Social Media,680.23
2024-03-30,West,TV,955.31
2024-03-30,West,Search Ads,1386.16
2024-03-31,North,Social Media,1052.5
2024-03-31,North,TV,1325.72
2024-03-31,North,Search Ads,1520.02
2024-03-31,South,Social Media,1314.89
2024-03-31,South,TV,1052.93
2024-03-31,South,Search Ads,1484.78
2024-03-31,East,Social Media,562.66
2024-03-31,East,TV,948.38
2024-03-31,East,Search Ads,1159.35
2024-03-31,West,Social Media,1420.19
2024-03-31,West,TV,1394.31
2024-03-31,West,Search Ads,1521.92
2024-04-01,North,Social Media,532.44
2024-04-01,North,TV,753.03
2024-04-01,North,Search Ads,766.36
2024-04-01,South,Social Media,991.34
2024-04-01,South,TV,778.37
2024-04-01,South,Search Ads,1078.48
2024-04-01,East,Social Media,1406.98
2024-04-01,East,TV,1390.07
2024-04-01,East,Search Ads,754.22
2024-04-01,West,Social Media,529.19
2024-04-01,West,TV,1456.95
2024-04-01,West,Search Ads,1121.92
2024-04-02,North,Social Media,759.65
2024-04-02,North,TV,1040.79
2024-04-02,North,Search Ads,702.07
2024-04-02,South,Social Media,1340.19
2024-04-02,South,TV,1408.35
2024-04-02,South,Search Ads,1013.83
2024-04-02,East,Social Media,1366.19
2024-04-02,East,TV,1232.98
2024-04-02,East,Search Ads,728.45
2024-04-02,West,Social Media,620.24
2024-04-02,West,TV,485.63
2024-04-02,West,Search Ads,517.95
2024-04-03,North,Social Media,530.6
2024-04-03,North,TV,684.45
2024-04-03,North,Search Ads,866.54
2024-04-03,South,Social Media,479.71
2024-04-03,South,TV,944.7
2024-04-03,South,Search Ads,583.06
2024-04-03,East,Social Media,1302.65
2024-04-03,East,TV,1250.26
2024-04-03,East,Search Ads,836.51
2024-04-03,West,Social Media,903.97
2024-04-03,West,TV,549.06
2024-04-03,West,Search Ads,806.87
2024-04-04,North,Social Media,665.75
2024-04-04,North,TV,819.19
2024-04-04,North,Search Ads,710.25
2024-04-04,South,Social Media,1395.88
2024-04-04,South,TV,1267.75
2024-04-04,South,Search Ads,707.11
2024-04-04,East,Social Media,1420.03
2024-04-04,East,TV,1169.19
2024-04-04,East,Search Ads,498.8
2024-04-04,West,Social Media,1180.63
2024-04-04,West,TV,1056.15
2024-04-04,West,Search Ads,1082.42
2024-04-05,North,Social Media,743.6
2024-04-05,North,TV,713.85
2024-04-05,North,Search Ads,748.24
2024-04-05,South,Social Media,815.49
2024-04-05,South,TV,1089.16
2024-04-05,South,Search Ads,1458.3
2024-04-05,East,Social Media,821.58
2024-04-05,East,TV,747.8
2024-04-05,East,Search Ads,482.64
2024-04-05,West,Social Media,572.09
2024-04-05,West,TV,1238.87
2024-04-05,West,Search Ads,1399.23
2024-04-06,North,Social Media,1009.82
2024-04-06,North,TV,1376.19
2024-04-06,North,Search Ads,691.12
2024-04-06,South,Social Media,1264.7
2024-04-06,South,TV,1467.96
2024-04-06,South,Search Ads,756.71
2024-04-06,East,Social Media,618.97
2024-04-06,East,TV,484.26
2024-04-06,East,Search Ads,1008.36
2024-04-06,West,Social Media,1041.44
2024-04-06,West,TV,1180.52
2024-04-06,West,Search Ads,1065.67
2024-04-07,North,Social Media,1499.18
2024-04-07,North,TV,795.26
2024-04-07,North,Search Ads,829.39
2024-04-07,South,Social Media,607.28
2024-04-07,South,TV,1273.94
2024-04-07,South,Search Ads,1308.29
2024-04-07,East,Social Media,695.56
2024-04-07,East,TV,1397.59
2024-04-07,East,Search Ads,855.42
2024-04-07,West,Social Media,792.6
2024-04-07,West,TV,1394.36
2024-04-07,West,Search Ads,1430.87
2024-04-08,North,Social Media,846.32
2024-04-08,North,TV,552.02
2024-04-08,North,Search Ads,1021.5
2024-04-08,South,Social Media,870.25
2024-04-08,South,TV,680.69
2024-04-08,South,Search Ads,1432.3
2024-04-08,East,Social Media,671.46
2024-04-08,East,TV,1293.48
2024-04-08,East,Search Ads,754.27
2024-04-08,West,Social Media,1361.3
2024-04-08,West,TV,1353.17
2024-04-08,West,Search Ads,593.67
2024-04-09,North,Social Media,1408.14
2024-04-09,North,TV,1105.81
2024-04-09,North,Search Ads,1061.56
2024-04-09,South,Social Media,1323.65
2024-04-09,South,TV,1419.51
2024-04-09,South,Search Ads,933.8
2024-04-09,East,Social Media,857.1
2024-04-09,East,TV,767.58
2024-04-09,East,Search Ads,1225.24
2024-04-09,West,Social Media,542.63
2024-04-09,West,TV,1320.85
2024-04-09,West,Search Ads,1336.29
2024-04-10,North,Social Media,842.22
2024-04-10,North,TV,667.49
2024-04-10,North,Search Ads,709.67
2024-04-10,South,Social Media,890.37
2024-04-10,South,TV,1307.04
2024-04-10,South,Search Ads,1397.75
2024-04-10,East,Social Media,696.05
2024-04-10,East,TV,530.67
2024-04-10,East,Search Ads,619.79
2024-04-10,West,Social Media,514.64
2024-04-10,West,TV,1339.36
2024-04-10,West,Search Ads,1012.95
2024-04-11,North,Social Media,517.95
2024-04-11,North,TV,1446.91
2024-04-11,North,Search Ads,596.32
2024-04-11,South,Social Media,895.21
2024-04-11,South,TV,630.01
2024-04-11,South,Search Ads,1367.0
2024-04-11,East,Social Media,1140.67
2024-04-11,East,TV,1374.2
2024-04-11,East,Search Ads,963.47
2024-04-11,West,Social Media,1230.65
2024-04-11,West,TV,1275.15
2024-04-11,West,Search Ads,1512.19
2024-04-12,North,Social Media,1189.18
2024-04-12,North,TV,1019.24
2024-04-12,North,Search Ads,489.78
2024-04-12,South,Social Media,1089.23
2024-04-12,South,TV,1139.45
2024-04-12,South,Search Ads,918.54
2024-04-12,East,Social Media,743.97
2024-04-12,East,TV,1254.15
2024-04-12,East,Search Ads,784.82
2024-04-12,West,Social Media,974.51
2024-04-12,West,TV,1401.01
2024-04-12,West,Search Ads,1201.87
2024-04-13,North,Social Media,722.06
2024-04-13,North,TV,529.21
2024-04-13,North,Search Ads,775.03
2024-04-13,South,Social Media,1296.41
2024-04-13,South,TV,839.58
2024-04-13,South,Search Ads,1470.93
2024-04-13,East,Social Media,1335.48
2024-04-13,East,TV,568.39
2024-04-13,East,Search Ads,1446.34
2024-04-13,West,Social Media,1018.07
2024-04-13,West,TV,1512.8
2024-04-13,West,Search Ads,1220.28
2024-04-14,North,Social Media,867.17
2024-04-14,North,TV,550.32
2024-04-14,North,Search Ads,1395.07
2024-04-14,South,Social Media,1152.96
2024-04-14,South,TV,859.11
2024-04-14,South,Search Ads,896.46
2024-04-14,East,Social Media,1511.28
2024-04-14,East,TV,680.94
2024-04-14,East,Search Ads,926.35
2024-04-14,West,Social Media,1496.33
2024-04-14,West,TV,719.3
2024-04-14,West,Search Ads,1192.97
2024-04-15,North,Social Media,1526.18
2024-04-15,North,TV,1452.1
2024-04-15,North,Search Ads,894.13
2024-04-15,South,Social Media,1314.82
2024-04-15,South,TV,735.91
2024-04-15,South,Search Ads,1112.61
2024-04-15,East,Social Media,871.3
2024-04-15,East,TV,851.17
2024-04-15,East,Search Ads,1192.58
2024-04-15,West,Social Media,1225.49
2024-04-15,West,TV,883.05
2024-04-15,West,Search Ads,1468.37
2024-04-16,North,Social Media,1507.79
2024-04-16,North,TV,833.37
2024-04-16,North,Search Ads,1283.99
2024-04-16,South,Social Media,1012.08
2024-04-16,South,TV,1057.52
2024-04-16,South,Search Ads,1224.89
2024-04-16,East,Social Media,989.72
2024-04-16,East,TV,899.97
2024-04-16,East,Search Ads,1143.49
2024-04-16,West,Social Media,690.53
2024-04-16,West,TV,567.44
2024-04-16,West,Search Ads,1056.35
2024-04-17,North,Social Media,688.83
2024-04-17,North,TV,815.72
2024-04-17,North,Search Ads,1374.33
2024-04-17,South,Social Media,733.0
2024-04-17,South,TV,1145.35
2024-04-17,South,Search Ads,1044.34
2024-04-17,East,Social Media,553.69
2024-04-17,East,TV,619.47
2024-04-17,East,Search Ads,930.88
2024-04-17,West,Social Media,937.64
2024-04-17,West,TV,1044.89
2024-04-17,West,Search Ads,1303.73
2024-04-18,North,Social Media,1080.25
2024-04-18,North,TV,1219.72
2024-04-18,North,Search Ads,882.42
2024-04-18,South,Social Media,1044.36
2024-04-18,South,TV,1374.43
2024-04-18,South,Search Ads,542.33
2024-04-18,East,Social Media,540.94
2024-04-18,East,TV,585.46
2024-04-18,East,Search Ads,1136.04
2024-04-18,West,Social Media,1014.43
2024-04-18,West,TV,744.74
2024-04-18,West,Search Ads,1415.19
2024-04-19,North,Social Media,1377.08
2024-04-19,North,TV,1145.9
2024-04-19,North,Search Ads,617.82
2024-04-19,South,Social Media,1315.85
2024-04-19,South,TV,1158.09
2024-04-19,South,Search Ads,830.99
2024-04-19,East,Social Media,578.96
2024-04-19,East,TV,1416.61
2024-04-19,East,Search Ads,1189.38
2024-04-19,West,Social Media,1080.36
2024-04-19,West,TV,884.88
2024-04-19,West,Search Ads,632.54
2024-04-20,North,Social Media,648.21
2024-04-20,North,TV,993.28
2024-04-20,North,Search Ads,1134.77
2024-04-20,South,Social Media,532.53
2024-04-20,South,TV,612.63
2024-04-20,South,Search Ads,570.65
2024-04-20,East,Social Media,998.33
2024-04-20,East,TV,753.88
2024-04-20,East,Search Ads,944.61
2024-04-20,West,Social Media,1239.27
2024-04-20,West,TV,1213.62
2024-04-20,West,Search Ads,864.14
2024-04-21,North,Social Media,539.24
2024-04-21,North,TV,591.06
2024-04-21,North,Search Ads,1301.67
2024-04-21,South,Social Media,1440.63
2024-04-21,South,TV,733.72
2024-04-21,South,Search Ads,606.44
2024-04-21,East,Social Media,597.37
2024-04-21,East,TV,688.65
2024-04-21,East,Search Ads,1043.57
2024-04-21,West,Social Media,1010.34
2024-04-21,West,TV,676.68
2024-04-21,West,Search Ads,722.18
2024-04-22,North,Social Media,1311.04
2024-04-22,North,TV,963.63
2024-04-22,North,Search Ads,951.52
2024-04-22,South,Social Media,614.45
2024-04-22,South,TV,578.45
2024-04-22,South,Search Ads,1102.22
2024-04-22,East,Social Media,1469.72
2024-04-22,East,TV,1498.86
2024-04-22,East,Search Ads,855.69
2024-04-22,West,Social Media,848.01
2024-04-22,West,TV,1452.46
2024-04-22,West,Search Ads,703.09
2024-04-23,North,Social Media,602.96
2024-04-23,North,TV,760.74
2024-04-23,North,Search Ads,1387.83
2024-04-23,South,Social Media,673.47
2024-04-23,South,TV,1381.5
2024-04-23,South,Search Ads,1313.09
2024-04-23,East,Social Media,807.53
2024-04-23,East,TV,1445.75
2024-04-23,East,Search Ads,966.45
2024-04-23,West,Social Media,708.84
2024-04-23,West,TV,942.87
2024-04-23,West,Search Ads,976.82
2024-04-24,North,Social Media,1120.38
2024-04-24,North,TV,785.35
2024-04-24,North,Search Ads,1097.02
2024-04-24,South,Social Media,1489.17
2024-04-24,South,TV,1328.84
2024-04-24,South,Search Ads,822.3
2024-04-24,East,Social Media,1400.27
2024-04-24,East,TV,1467.05
2024-04-24,East,Search Ads,852.81
2024-04-24,West,Social Media,951.22
2024-04-24,West,TV,1434.82
2024-04-24,West,Search Ads,659.35
2024-04-25,North,Social Media,1265.33
2024-04-25,North,TV,1176.2
2024-04-25,North,Search Ads,1490.52
2024-04-25,South,Social Media,899.12
2024-04-25,South,TV,1236.9
2024-04-25,South,Search Ads,1131.71
2024-04-25,East,Social Media,1091.52
2024-04-25,East,TV,789.92
2024-04-25,East,Search Ads,1367.26
2024-04-25,West,Social Media,509.43
2024-04-25,West,TV,715.86
2024-04-25,West,Search Ads,1259.56
2024-04-26,North,Social Media,1294.11
2024-04-26,North,TV,555.66
2024-04-26,North,Search Ads,813.45
2024-04-26,South,Social Media,1133.44
2024-04-26,South,TV,1331.5
2024-04-26,South,Search Ads,1301.01
2024-04-26,East,Social Media,809.41
2024-04-26,East,TV,1059.69
2024-04-26,East,Search Ads,851.53
2024-04-26,West,Social Media,819.26
2024-04-26,West,TV,883.07
2024-04-26,West,Search Ads,599.19
2024-04-27,North,Social Media,1013.02
2024-04-27,North,TV,627.45
2024-04-27,North,Search Ads,825.61
2024-04-27,South,Social Media,488.33
2024-04-27,South,TV,1159.7
2024-04-27,South,Search Ads,1226.51
2024-04-27,East,Social Media,1054.33
2024-04-27,East,TV,1090.46
2024-04-27,East,Search Ads,1236.14
2024-04-27,West,Social Media,653.76
2024-04-27,West,TV,1168.71
2024-04-27,West,Search Ads,1453.8
2024-04-28,North,Social Media,1165.04
2024-04-28,North,TV,1269.89
2024-04-28,North,Search Ads,1471.35
2024-04-28,South,Social Media,1466.68
2024-04-28,South,TV,593.12
2024-04-28,South,Search Ads,774.15
2024-04-28,East,Social Media,1500.07
2024-04-28,East,TV,586.49
2024-04-28,East,Search Ads,881.18
2024-04-28,West,Social Media,1351.87
2024-04-28,West,TV,590.96
2024-04-28,West,Search Ads,626.82
2024-04-29,North,Social Media,886.09
2024-04-29,North,TV,590.0
2024-04-29,North,Search Ads,1112.09
2024-04-29,South,Social Media,855.93
2024-04-29,South,TV,799.28
2024-04-29,South,Search Ads,944.75
2024-04-29,East,Social Media,1009.84
2024-04-29,East,TV,1066.24
2024-04-29,East,Search Ads,1043.06
2024-04-29,West,Social Media,1143.37
2024-04-29,West,TV,788.23
2024-04-29,West,Search Ads,1304.85
2024-04-30,North,Social Media,722.5
2024-04-30,North,TV,1111.59
2024-04-30,North,Search Ads,858.18
2024-04-30,South,Social Media,1241.65
2024-04-30,South,TV,714.0
2024-04-30,South,Search Ads,831.49
2024-04-30,East,Social Media,773.84
2024-04-30,East,TV,1233.77
2024-04-30,East,Search Ads,601.24
2024-04-30,West,Social Media,1481.27
2024-04-30,West,TV,1089.77
2024-04-30,West,Search Ads,549.44
2024-05-01,North,Social Media,1087.85
2024-05-01,North,TV,1398.93
2024-05-01,North,Search Ads,1259.81
2024-05-01,South,Social Media,607.38
2024-05-01,South,TV,1486.46
2024-05-01,South,Search Ads,1363.35
2024-05-01,East,Social Media,854.34
2024-05-01,East,TV,1230.85
2024-05-01,East,Search Ads,743.95
2024-05-01,West,Social Media,1092.75
2024-05-01,West,TV,737.9
2024-05-01,West,Search Ads,1083.72
2024-05-02,North,Social Media,1309.79
2024-05-02,North,TV,624.69
2024-05-02,North,Search Ads,810.96
2024-05-02,South,Social Media,1088.42
2024-05-02,South,TV,629.47
2024-05-02,South,Search Ads,1076.71
2024-05-02,East,Social Media,850.34
2024-05-02,East,TV,1125.95
2024-05-02,East,Search Ads,485.19
2024-05-02,West,Social Media,751.31
2024-05-02,West,TV,731.72
2024-05-02,West,Search Ads,836.6
2024-05-03,North,Social Media,1429.87
2024-05-03,North,TV,491.88
2024-05-03,North,Search Ads,1085.52
2024-05-03,South,Social Media,1175.37
2024-05-03,South,TV,1441.69
2024-05-03,South,Search Ads,809.41
2024-05-03,East,Social Media,1136.95
2024-05-03,East,TV,910.24
2024-05-03,East,Search Ads,985.31
2024-05-03,West,Social Media,1300.4
2024-05-03,West,TV,1489.57
2024-05-03,West,Search Ads,863.44
2024-05-04,North,Social Media,611.97
2024-05-04,North,TV,657.08
2024-05-04,North,Search Ads,1269.52
2024-05-04,South,Social Media,673.74
2024-05-04,South,TV,1208.22
2024-05-04,South,Search Ads,570.35
2024-05-04,East,Social Media,1232.07
2024-05-04,East,TV,507.14
2024-05-04,East,Search Ads,1024.07
2024-05-04,West,Social Media,705.23
2024-05-04,West,TV,955.83
2024-05-04,West,Search Ads,1400.16
2024-05-05,North,Social Media,498.7
2024-05-05,North,TV,1046.07
2024-05-05,North,Search Ads,702.7
2024-05-05,South,Social Media,1199.41
2024-05-05,South,TV,535.51
2024-05-05,South,Search Ads,1318.61
2024-05-05,East,Social Media,1253.39
2024-05-05,East,TV,691.12
2024-05-05,East,Search Ads,971.87
2024-05-05,West,Social Media,732.36
2024-05-05,West,TV,534.25
2024-05-05,West,Search Ads,629.0
2024-05-06,North,Social Media,1498.4
2024-05-06,North,TV,815.29
2024-05-06,North,Search Ads,986.36
2024-05-06,South,Social Media,1267.84
2024-05-06,South,TV,669.79
2024-05-06,South,Search Ads,892.17
2024-05-06,East,Social Media,803.38
2024-05-06,East,TV,578.17
2024-05-06,East,Search Ads,1229.07
2024-05-06,West,Social Media,554.44
2024-05-06,West,TV,1051.59
2024-05-06,West,Search Ads,1250.42
2024-05-07,North,Social Media,1293.03
2024-05-07,North,TV,1288.62
2024-05-07,North,Search Ads,696.38
2024-05-07,South,Social Media,1276.82
2024-05-07,South,TV,1482.46
2024-05-07,South,Search Ads,1242.15
2024-05-07,East,Social Media,977.42
2024-05-07,East,TV,621.98
2024-05-07,East,Search Ads,1221.35
2024-05-07,West,Social Media,825.7
2024-05-07,West,TV,1282.91
2024-05-07,West,Search Ads,1421.09
2024-05-08,North,Social Media,878.64
2024-05-08,North,TV,1096.56
2024-05-08,North,Search Ads,1255.8
2024-05-08,South,Social Media,1524.37
2024-05-08,South,TV,1149.83
2024-05-08,South,Search Ads,1248.22
2024-05-08,East,Social Media,776.2
2024-05-08,East,TV,1059.12
2024-05-08,East,Search Ads,1451.02
2024-05-08,West,Social Media,1326.47
2024-05-08,West,TV,873.05
2024-05-08,West,Search Ads,1544.83
2024-05-09,North,Social Media,924.25
2024-05-09,North,TV,1461.25
2024-05-09,North,Search Ads,1046.57
2024-05-09,South,Social Media,1522.74
2024-05-09,South,TV,1359.99
2024-05-09,South,Search Ads,1473.18
2024-05-09,East,Social Media,1381.33
2024-05-09,East,TV,663.91
2024-05-09,East,Search Ads,966.21
2024-05-09,West,Social Media,1160.14
2024-05-09,West,TV,1124.39
2024-05-09,West,Search Ads,704.0
2024-05-10,North,Social Media,771.86
2024-05-10,North,TV,1309.68
2024-05-10,North,Search Ads,1389.57
2024-05-10,South,Social Media,765.6
2024-05-10,South,TV,652.96
2024-05-10,South,Search Ads,1177.75
2024-05-10,East,Social Media,908.51
2024-05-10,East,TV,1231.62
2024-05-10,East,Search Ads,1391.76
2024-05-10,West,Social Media,1055.99
2024-05-10,West,TV,800.56
2024-05-10,West,Search Ads,1250.76
2024-05-11,North,Social Media,837.46
2024-05-11,North,TV,1098.0
2024-05-11,North,Search Ads,1095.2
2024-05-11,South,Social Media,1043.77
2024-05-11,South,TV,669.66
2024-05-11,South,Search Ads,806.64
2024-05-11,East,Social Media,790.94
2024-05-11,East,TV,1053.58
2024-05-11,East,Search Ads,459.89
2024-05-11,West,Social Media,1430.86
2024-05-11,West,TV,636.58
2024-05-11,West,Search Ads,1485.68
2024-05-12,North,Social Media,1394.31
2024-05-12,North,TV,721.86
2024-05-12,North,Search Ads,1182.13
2024-05-12,South,Social Media,1399.06
2024-05-12,South,TV,1398.6
2024-05-12,South,Search Ads,1243.61
2024-05-12,East,Social Media,809.91
2024-05-12,East,TV,1431.31
2024-05-12,East,Search Ads,635.42
2024-05-12,West,Social Media,1161.98
2024-05-12,West,TV,889.24
2024-05-12,West,Search Ads,914.01
2024-05-13,North,Social Media,655.5
2024-05-13,North,TV,1100.07
2024-05-13,North,Search Ads,927.12
2024-05-13,South,Social Media,1146.28
2024-05-13,South,TV,1421.64
2024-05-13,South,Search Ads,619.66
2024-05-13,East,Social Media,933.67
2024-05-13,East,TV,747.71
2024-05-13,East,Search Ads,1075.12
2024-05-13,West,Social Media,861.99
2024-05-13,West,TV,975.35
2024-05-13,West,Search Ads,1092.37
2024-05-14,North,Social Media,906.06
2024-05-14,North,TV,872.25
2024-05-14,North,Search Ads,1378.06
2024-05-14,South,Social Media,1043.2
2024-05-14,South,TV,632.57
2024-05-14,South,Search Ads,864.65
2024-05-14,East,Social Media,944.42
2024-05-14,East,TV,1474.48
2024-05-14,East,Search Ads,1111.27
2024-05-14,West,Social Media,1006.34
2024-05-14,West,TV,714.04
2024-05-14,West,Search Ads,1121.85
2024-05-15,North,Social Media,1061.82
2024-05-15,North,TV,842.11
2024-05-15,North,Search Ads,752.3
2024-05-15,South,Social Media,802.98
2024-05-15,South,TV,758.04
2024-05-15,South,Search Ads,849.85
2024-05-15,East,Social Media,918.2
2024-05-15,East,TV,1276.87
2024-05-15,East,Search Ads,586.4
2024-05-15,West,Social Media,777.23
2024-05-15,West,TV,633.42
2024-05-15,West,Search Ads,1232.07
2024-05-16,North,Social Media,924.74
2024-05-16,North,TV,1056.55
2024-05-16,North,Search Ads,1001.94
2024-05-16,South,Social Media,733.69
2024-05-16,South,TV,794.72
2024-05-16,South,Search Ads,994.91
2024-05-16,East,Social Media,669.98
2024-05-16,East,TV,914.07
2024-05-16,East,Search Ads,1020.9
2024-05-16,West,Social Media,1526.25
2024-05-16,West,TV,1388.2
2024-05-16,West,Search Ads,856.72
2024-05-17,North,Social Media,672.08
2024-05-17,North,TV,1407.7
2024-05-17,North,Search Ads,894.64
2024-05-17,South,Social Media,739.73
2024-05-17,South,TV,1317.65
2024-05-17,South,Search Ads,1442.5
2024-05-17,East,Social Media,1285.81
2024-05-17,East,TV,1364.83
2024-05-17,East,Search Ads,669.58
2024-05-17,West,Social Media,1314.01
2024-05-17,West,TV,794.51
2024-05-17,West,Search Ads,1032.12
2024-05-18,North,Social Media,1059.66
2024-05-18,North,TV,855.98
2024-05-18,North,Search Ads,1241.66
2024-05-18,South,Social Media,829.95
2024-05-18,South,TV,629.12
2024-05-18,South,Search Ads,1052.75
2024-05-18,East,Social Media,963.78
2024-05-18,East,TV,866.75
2024-05-18,East,Search Ads,1022.1
2024-05-18,West,Social Media,988.06
2024-05-18,West,TV,628.07
2024-05-18,West,Search Ads,886.64
2024-05-19,North,Social Media,538.12
2024-05-19,North,TV,1377.01
2024-05-19,North,Search Ads,1434.79
2024-05-19,South,Social Media,875.11
2024-05-19,South,TV,1217.97
2024-05-19,South,Search Ads,1035.63
2024-05-19,East,Social Media,566.92
2024-05-19,East,TV,830.13
2024-05-19,East,Search Ads,958.11
2024-05-19,West,Social Media,1330.59
2024-05-19,West,TV,810.8
2024-05-19,West,Search Ads,735.73
2024-05-20,North,Social Media,590.34
2024-05-20,North,TV,1376.96
2024-05-20,North,Search Ads,1162.74
2024-05-20,South,Social Media,542.56
2024-05-20,South,TV,883.65
2024-05-20,South,Search Ads,746.58
2024-05-20,East,Social Media,1229.7
2024-05-20,East,TV,1038.72
2024-05-20,East,Search Ads,701.09
2024-05-20,West,Social Media,541.45
2024-05-20,West,TV,558.01
2024-05-20,West,Search Ads,534.56
2024-05-21,North,Social Media,1182.15
2024-05-21,North,TV,604.8
2024-05-21,North,Search Ads,527.59
2024-05-21,South,Social Media,633.59
2024-05-21,South,TV,1171.98
2024-05-21,South,Search Ads,968.63
2024-05-21,East,Social Media,1330.69
2024-05-21,East,TV,839.76
2024-05-21,East,Search Ads,1427.66
2024-05-21,West,Social Media,472.03
2024-05-21,West,TV,1352.48
2024-05-21,West,Search Ads,1164.88
2024-05-22,North,Social Media,1227.33
2024-05-22,North,TV,1041.73
2024-05-22,North,Search Ads,778.36
2024-05-22,South,Social Media,1510.58
2024-05-22,South,TV,1379.18
2024-05-22,South,Search Ads,1083.66
2024-05-22,East,Social Media,1039.91
2024-05-22,East,TV,948.3
2024-05-22,East,Search Ads,562.28
2024-05-22,West,Social Media,1369.42
2024-05-22,West,TV,1302.15
2024-05-22,West,Search Ads,1483.15
2024-05-23,North,Social Media,1033.24
2024-05-23,North,TV,1083.18
2024-05-23,North,Search Ads,908.23
2024-05-23,South,Social Media,1424.82
2024-05-23,South,TV,1409.64
2024-05-23,South,Search Ads,817.6
2024-05-23,East,Social Media,1384.64
2024-05-23,East,TV,885.06
2024-05-23,East,Search Ads,1506.67
2024-05-23,West,Social Media,1371.84
2024-05-23,West,TV,1022.83
2024-05-23,West,Search Ads,865.94
2024-05-24,North,Social Media,1420.41
2024-05-24,North,TV,782.06
2024-05-24,North,Search Ads,1084.28
2024-05-24,South,Social Media,574.91
2024-05-24,South,TV,1182.43
2024-05-24,South,Search Ads,559.68
2024-05-24,East,Social Media,1063.68
2024-05-24,East,TV,896.67
2024-05-24,East,Search Ads,750.41
2024-05-24,West,Social Media,635.76
2024-05-24,West,TV,870.04
2024-05-24,West,Search Ads,1181.96
2024-05-25,North,Social Media,1122.55
2024-05-25,North,TV,827.38
2024-05-25,North,Search Ads,1384.59
2024-05-25,South,Social Media,505.63
2024-05-25,South,TV,672.2
2024-05-25,South,Search Ads,858.12
2024-05-25,East,Social Media,1321.74
2024-05-25,East,TV,1082.92
2024-05-25,East,Search Ads,647.92
2024-05-25,West,Social Media,839.17
2024-05-25,West,TV,935.19
2024-05-25,West,Search Ads,865.69
2024-05-26,North,Social Media,1268.47
2024-05-26,North,TV,1038.72
2024-05-26,North,Search Ads,901.41
2024-05-26,South,Social Media,1155.26
2024-05-26,South,TV,883.79
2024-05-26,South,Search Ads,1119.09
2024-05-26,East,Social Media,1293.55
2024-05-26,East,TV,691.79
2024-05-26,East,Search Ads,730.92
2024-05-26,West,Social Media,583.22
2024-05-26,West,TV,794.45
2024-05-26,West,Search Ads,1446.4
2024-05-27,North,Social Media,928.58
2024-05-27,North,TV,1031.8
2024-05-27,North,Search Ads,606.17
2024-05-27,South,Social Media,1266.26
2024-05-27,South,TV,768.57
2024-05-27,South,Search Ads,1044.51
2024-05-27,East,Social Media,797.85
2024-05-27,East,TV,1093.58
2024-05-27,East,Search Ads,1496.16
2024-05-27,West,Social Media,582.17
2024-05-27,West,TV,932.06
2024-05-27,West,Search Ads,1055.13
2024-05-28,North,Social Media,1029.63
2024-05-28,North,TV,1373.98
2024-05-28,North,Search Ads,959.77
2024-05-28,South,Social Media,1084.63
2024-05-28,South,TV,1456.76
2024-05-28,South,Search Ads,1381.58
2024-05-28,East,Social Media,1180.04
2024-05-28,East,TV,1446.33
2024-05-28,East,Search Ads,1298.04
2024-05-28,West,Social Media,542.6
2024-05-28,West,TV,657.71
2024-05-28,West,Search Ads,1406.92
2024-05-29,North,Social Media,1070.23
2024-05-29,North,TV,1172.58
2024-05-29,North,Search Ads,748.69
2024-05-29,South,Social Media,1010.42
2024-05-29,South,TV,539.43
2024-05-29,South,Search Ads,1209.0
2024-05-29,East,Social Media,787.88
2024-05-29,East,TV,611.93
2024-05-29,East,Search Ads,670.82
2024-05-29,West,Social Media,1431.09
2024-05-29,West,TV,1332.38
2024-05-29,West,Search Ads,1378.71
2024-05-30,North,Social Media,772.53
2024-05-30,North,TV,1276.72
2024-05-30,North,Search Ads,818.1
2024-05-30,South,Social Media,1021.25
2024-05-30,South,TV,910.18
2024-05-30,South,Search Ads,683.72
2024-05-30,East,Social Media,1431.59
2024-05-30,East,TV,1013.94
2024-05-30,East,Search Ads,813.22
2024-05-30,West,Social Media,962.99
2024-05-30,West,TV,716.87
2024-05-30,West,Search Ads,577.61
2024-05-31,North,Social Media,535.15
2024-05-31,North,TV,549.1
2024-05-31,North,Search Ads,999.31
2024-05-31,South,Social Media,1347.16
2024-05-31,South,TV,1449.61
2024-05-31,South,Search Ads,1241.96
2024-05-31,East,Social Media,980.05
2024-05-31,East,TV,1021.95
2024-05-31,East,Search Ads,589.61
2024-05-31,West,Social Media,770.88
2024-05-31,West,TV,1097.05
2024-05-31,West,Search Ads,1289.55
2024-06-01,North,Social Media,1114.83
2024-06-01,North,TV,1310.63
2024-06-01,North,Search Ads,1223.26
2024-06-01,South,Social Media,1451.7
2024-06-01,South,TV,503.35
2024-06-01,South,Search Ads,1074.93
2024-06-01,East,Social Media,700.54
2024-06-01,East,TV,1390.23
2024-06-01,East,Search Ads,714.16
2024-06-01,West,Social Media,1068.47
2024-06-01,West,TV,1047.79
2024-06-01,West,Search Ads,625.79
2024-06-02,North,Social Media,1158.43
2024-06-02,North,TV,674.19
2024-06-02,North,Search Ads,791.7
2024-06-02,South,Social Media,923.57
2024-06-02,South,TV,502.64
2024-06-02,South,Search Ads,1237.49
2024-06-02,East,Social Media,993.22
2024-06-02,East,TV,1127.3
2024-06-02,East,Search Ads,1167.88
2024-06-02,West,Social Media,1089.01
2024-06-02,West,TV,878.87
2024-06-02,West,Search Ads,1259.25
2024-06-03,North,Social Media,1096.73
2024-06-03,North,TV,793.66
2024-06-03,North,Search Ads,1526.22
2024-06-03,South,Social Media,945.11
2024-06-03,South,TV,993.55
2024-06-03,South,Search Ads,772.62
2024-06-03,East,Social Media,1142.41
2024-06-03,East,TV,1448.61
2024-06-03,East,Search Ads,1129.74
2024-06-03,West,Social Media,478.87
2024-06-03,West,TV,675.8
2024-06-03,West,Search Ads,547.95
2024-06-04,North,Social Media,1404.61
2024-06-04,North,TV,1505.2
2024-06-04,North,Search Ads,623.73
2024-06-04,South,Social Media,1073.54
2024-06-04,South,TV,1323.49
2024-06-04,South,Search Ads,677.87
2024-06-04,East,Social Media,670.22
2024-06-04,East,TV,868.42
2024-06-04,East,Search Ads,1394.89
2024-06-04,West,Social Media,1271.6
2024-06-04,West,TV,709.62
2024-06-04,West,Search Ads,1098.48
2024-06-05,North,Social Media,1437.68
2024-06-05,North,TV,893.73
2024-06-05,North,Search Ads,1434.63
2024-06-05,South,Social Media,1102.54
2024-06-05,South,TV,1204.31
2024-06-05,South,Search Ads,616.98
2024-06-05,East,Social Media,655.6
2024-06-05,East,TV,765.16
2024-06-05,East,Search Ads,1377.1
2024-06-05,West,Social Media,1441.25
2024-06-05,West,TV,503.87
2024-06-05,West,Search Ads,945.67
2024-06-06,North,Social Media,854.3
2024-06-06,North,TV,489.07
2024-06-06,North,Search Ads,565.61
2024-06-06,South,Social Media,1147.0
2024-06-06,South,TV,1126.22
2024-06-06,South,Search Ads,1160.66
2024-06-06,East,Social Media,1332.65
2024-06-06,East,TV,621.61
2024-06-06,East,Search Ads,932.82
2024-06-06,West,Social Media,1196.52
2024-06-06,West,TV,1171.21
2024-06-06,West,Search Ads,1014.4
2024-06-07,North,Social Media,980.55
2024-06-07,North,TV,1180.47
2024-06-07,North,Search Ads,768.13
2024-06-07,South,Social Media,1456.47
2024-06-07,South,TV,1358.02
2024-06-07,South,Search Ads,909.05
2024-06-07,East,Social Media,1075.06
2024-06-07,East,TV,1310.55
2024-06-07,East,Search Ads,617.34
2024-06-07,West,Social Media,1441.66
2024-06-07,West,TV,1281.74
2024-06-07,West,Search Ads,1170.92
2024-06-08,North,Social Media,1099.23
2024-06-08,North,TV,1323.26
2024-06-08,North,Search Ads,1107.02
2024-06-08,South,Social Media,711.45
2024-06-08,South,TV,749.1
2024-06-08,South,Search Ads,1483.83
2024-06-08,East,Social Media,513.5
2024-06-08,East,TV,802.04
2024-06-08,East,Search Ads,1356.28
2024-06-08,West,Social Media,1131.99
2024-06-08,West,TV,1110.23
2024-06-08,West,Search Ads,1146.77
2024-06-09,North,Social Media,1184.3
2024-06-09,North,TV,1228.33
2024-06-09,North,Search Ads,1366.88
2024-06-09,South,Social Media,1389.8
2024-06-09,South,TV,997.47
2024-06-09,South,Search Ads,1004.57
2024-06-09,East,Social Media,1348.18
2024-06-09,East,TV,605.33
2024-06-09,East,Search Ads,1126.43
2024-06-09,West,Social Media,1243.85
2024-06-09,West,TV,594.04
2024-06-09,West,Search Ads,588.53
2024-06-10,North,Social Media,694.7
2024-06-10,North,TV,1471.84
2024-06-10,North,Search Ads,947.89
2024-06-10,South,Social Media,1200.13
2024-06-10,South,TV,1089.96
2024-06-10,South,Search Ads,1419.27
2024-06-10,East,Social Media,962.64
2024-06-10,East,TV,674.83
2024-06-10,East,Search Ads,627.82
2024-06-10,West,Social Media,1353.5
2024-06-10,West,TV,706.25
2024-06-10,West,Search Ads,659.27
2024-06-11,North,Social Media,1080.31
2024-06-11,North,TV,653.09
2024-06-11,North,Search Ads,932.42
2024-06-11,South,Social Media,1312.84
2024-06-11,South,TV,876.1
2024-06-11,South,Search Ads,749.12
2024-06-11,East,Social Media,789.27
2024-06-11,East,TV,1264.19
2024-06-11,East,Search Ads,1340.86
2024-06-11,West,Social Media,811.41
2024-06-11,West,TV,521.58
2024-06-11,West,Search Ads,1471.42
2024-06-12,North,Social Media,960.34
2024-06-12,North,TV,1324.49
2024-06-12,North,Search Ads,1115.29
2024-06-12,South,Social Media,530.1
2024-06-12,South,TV,779.74
2024-06-12,South,Search Ads,1041.29
2024-06-12,East,Social Media,1141.57
2024-06-12,East,TV,1069.3
2024-06-12,East,Search Ads,1387.84
2024-06-12,West,Social Media,695.96
2024-06-12,West,TV,1374.48
2024-06-12,West,Search Ads,1014.86
2024-06-13,North,Social Media,916.96
2024-06-13,North,TV,1260.4
2024-06-13,North,Search Ads,1030.16
2024-06-13,South,Social Media,727.85
2024-06-13,South,TV,1055.29
2024-06-13,South,Search Ads,526.82
2024-06-13,East,Social Media,1472.4
2024-06-13,East,TV,1173.17
2024-06-13,East,Search Ads,625.08
2024-06-13,West,Social Media,1535.92
2024-06-13,West,TV,822.14
2024-06-13,West,Search Ads,666.41
2024-06-14,North,Social Media,1251.62
2024-06-14,North,TV,694.92
2024-06-14,North,Search Ads,894.15
2024-06-14,South,Social Media,1123.81
2024-06-14,South,TV,943.82
2024-06-14,South,Search Ads,1321.01
2024-06-14,East,Social Media,1141.41
2024-06-14,East,TV,541.6
2024-06-14,East,Search Ads,1221.84
2024-06-14,West,Social Media,937.08
2024-06-14,West,TV,688.05
2024-06-14,West,Search Ads,1084.22
2024-06-15,North,Social Media,821.16
2024-06-15,North,TV,1168.13
2024-06-15,North,Search Ads,719.45
2024-06-15,South,Social Media,1104.5
2024-06-15,South,TV,1120.6
2024-06-15,South,Search Ads,900.87
2024-06-15,East,Social Media,1318.72
2024-06-15,East,TV,839.71
2024-06-15,East,Search Ads,635.21
2024-06-15,West,Social Media,1083.38
2024-06-15,West,TV,611.74
2024-06-15,West,Search Ads,982.42
2024-06-16,North,Social Media,1434.58
2024-06-16,North,TV,1345.11
2024-06-16,North,Search Ads,1168.63
2024-06-16,South,Social Media,897.64
2024-06-16,South,TV,1278.46
2024-06-16,South,Search Ads,769.13
2024-06-16,East,Social Media,888.02
2024-06-16,East,TV,1101.63
2024-06-16,East,Search Ads,1096.52
2024-06-16,West,Social Media,1347.22
2024-06-16,West,TV,1173.57
2024-06-16,West,Search Ads,1190.11
2024-06-17,North,Social Media,600.18
2024-06-17,North,TV,1149.96
2024-06-17,North,Search Ads,1025.1
2024-06-17,South,Social Media,1412.13
2024-06-17,South,TV,1287.4
2024-06-17,South,Search Ads,1356.03
2024-06-17,East,Social Media,1376.76
2024-06-17,East,TV,1200.8
2024-06-17,East,Search Ads,1402.94
2024-06-17,West,Social Media,508.13
2024-06-17,West,TV,1261.29
2024-06-17,West,Search Ads,1120.45
2024-06-18,North,Social Media,966.06
2024-06-18,North,TV,1017.94
2024-06-18,North,Search Ads,885.38
2024-06-18,South,Social Media,1133.71
2024-06-18,South,TV,860.25
2024-06-18,South,Search Ads,1448.05
2024-06-18,East,Social Media,915.4
2024-06-18,East,TV,1027.29
2024-06-18,East,Search Ads,990.81
2024-06-18,West,Social Media,1204.8
2024-06-18,West,TV,1464.7
2024-06-18,West,Search Ads,1189.59
2024-06-19,North,Social Media,1264.87
2024-06-19,North,TV,1095.43
2024-06-19,North,Search Ads,1179.64
2024-06-19,South,Social Media,699.74
2024-06-19,South,TV,513.57
2024-06-19,South,Search Ads,737.1
2024-06-19,East,Social Media,1291.79
2024-06-19,East,TV,1346.71
2024-06-19,East,Search Ads,541.59
2024-06-19,West,Social Media,1226.38
2024-06-19,West,TV,868.23
2024-06-19,West,Search Ads,1091.54
2024-06-20,North,Social Media,631.46
2024-06-20,North,TV,1008.09
2024-06-20,North,Search Ads,1056.06
2024-06-20,South,Social Media,624.44
2024-06-20,South,TV,522.69
2024-06-20,South,Search Ads,1386.5
2024-06-20,East,Social Media,1105.22
2024-06-20,East,TV,1214.58
2024-06-20,East,Search Ads,948.96
2024-06-20,West,Social Media,1331.44
2024-06-20,West,TV,1523.21
2024-06-20,West,Search Ads,566.4
2024-06-21,North,Social Media,1099.16
2024-06-21,North,TV,1481.72
2024-06-21,North,Search Ads,1066.78
2024-06-21,South,Social Media,1277.7
2024-06-21,South,TV,819.52
2024-06-21,South,Search Ads,1339.34
2024-06-21,East,Social Media,1275.11
2024-06-21,East,TV,558.84
2024-06-21,East,Search Ads,1452.27
2024-06-21,West,Social Media,1048.47
2024-06-21,West,TV,1090.32
2024-06-21,West,Search Ads,1193.82
2024-06-22,North,Social Media,1035.69
2024-06-22,North,TV,1030.37
2024-06-22,North,Search Ads,1222.29
2024-06-22,South,Social Media,813.43
2024-06-22,South,TV,1325.2
2024-06-22,South,Search Ads,863.75
2024-06-22,East,Social Media,1419.46
2024-06-22,East,TV,712.89
2024-06-22,East,Search Ads,1492.81
2024-06-22,West,Social Media,721.74
2024-06-22,West,TV,1095.45
2024-06-22,West,Search Ads,986.25
2024-06-23,North,Social Media,558.59
2024-06-23,North,TV,1031.85
2024-06-23,North,Search Ads,1360.5
2024-06-23,South,Social Media,675.29
2024-06-23,South,TV,1062.56
2024-06-23,South,Search Ads,1366.26
2024-06-23,East,Social Media,1384.41
2024-06-23,East,TV,870.06
2024-06-23,East,Search Ads,1187.46
2024-06-23,West,Social Media,1129.46
2024-06-23,West,TV,1439.64
2024-06-23,West,Search Ads,1050.7
2024-06-24,North,Social Media,1193.94
2024-06-24,North,TV,805.28
2024-06-24,North,Search Ads,1465.47
2024-06-24,South,Social Media,1014.75
2024-06-24,South,TV,918.23
2024-06-24,South,Search Ads,968.47
2024-06-24,East,Social Media,1399.9
2024-06-24,East,TV,555.08
2024-06-24,East,Search Ads,1161.88
2024-06-24,West,Social Media,986.73
2024-06-24,West,TV,853.5
2024-06-24,West,Search Ads,806.57
2024-06-25,North,Social Media,1346.22
2024-06-25,North,TV,856.28
2024-06-25,North,Search Ads,1082.91
2024-06-25,South,Social Media,810.11
2024-06-25,South,TV,1153.93
2024-06-25,South,Search Ads,1153.91
2024-06-25,East,Social Media,1439.41
2024-06-25,East,TV,1420.79
2024-06-25,East,Search Ads,1430.83
2024-06-25,West,Social Media,1082.06
2024-06-25,West,TV,781.68
2024-06-25,West,Search Ads,640.22
2024-06-26,North,Social Media,1464.03
2024-06-26,North,TV,1074.68
2024-06-26,North,Search Ads,1323.39
2024-06-26,South,Social Media,765.67
2024-06-26,South,TV,1447.97
2024-06-26,South,Search Ads,828.63
2024-06-26,East,Social Media,939.98
2024-06-26,East,TV,810.76
2024-06-26,East,Search Ads,1375.15
2024-06-26,West,Social Media,702.44
2024-06-26,West,TV,837.29
2024-06-26,West,Search Ads,1248.31
2024-06-27,North,Social Media,598.97
2024-06-27,North,TV,918.05
2024-06-27,North,Search Ads,1473.34
2024-06-27,South,Social Media,1134.91
2024-06-27,South,TV,821.42
2024-06-27,South,Search Ads,640.24
2024-06-27,East,Social Media,738.93
2024-06-27,East,TV,683.52
2024-06-27,East,Search Ads,1225.05
2024-06-27,West,Social Media,1211.94
2024-06-27,West,TV,796.0
2024-06-27,West,Search Ads,1196.87
2024-06-28,North,Social Media,1109.24
2024-06-28,North,TV,1316.34
2024-06-28,North,Search Ads,678.57
2024-06-28,South,Social Media,969.69
2024-06-28,South,TV,1163.67
2024-06-28,South,Search Ads,1256.57
2024-06-28,East,Social Media,982.73
2024-06-28,East,TV,673.57
2024-06-28,East,Search Ads,687.2
2024-06-28,West,Social Media,877.28
2024-06-28,West,TV,1062.07
2024-06-28,West,Search Ads,817.38
2024-06-29,North,Social Media,1132.81
2024-06-29,North,TV,794.73
2024-06-29,North,Search Ads,1181.21
2024-06-29,South,Social Media,685.64
2024-06-29,South,TV,487.43
2024-06-29,South,Search Ads,1442.65
2024-06-29,East,Social Media,1105.65
2024-06-29,East,TV,1081.24
2024-06-29,East,Search Ads,804.81
2024-06-29,West,Social Media,1083.79
2024-06-29,West,TV,1023.93
2024-06-29,West,Search Ads,1265.46
2024-06-30,North,Social Media,583.72
2024-06-30,North,TV,959.86
2024-06-30,North,Search Ads,1032.45
2024-06-30,South,Social Media,1509.59
2024-06-30,South,TV,459.55
2024-06-30,South,Search Ads,1280.55
2024-06-30,East,Social Media,952.67
2024-06-30,East,TV,1442.75
2024-06-30,East,Search Ads,1457.15
2024-06-30,West,Social Media,1479.7
2024-06-30,West,TV,1147.42
2024-06-30,West,Search Ads,1276.85
2024-07-01,North,Social Media,1488.85
2024-07-01,North,TV,1449.69
2024-07-01,North,Search Ads,636.94
2024-07-01,South,Social Media,778.39
2024-07-01,South,TV,1216.07
2024-07-01,South,Search Ads,1029.08
2024-07-01,East,Social Media,764.36
2024-07-01,East,TV,793.12
2024-07-01,East,Search Ads,1390.02
2024-07-01,West,Social Media,757.02
2024-07-01,West,TV,483.7
2024-07-01,West,Search Ads,789.72
2024-07-02,North,Social Media,728.22
2024-07-02,North,TV,1022.9
2024-07-02,North,Search Ads,999.81
2024-07-02,South,Social Media,1092.09
2024-07-02,South,TV,1359.45
2024-07-02,South,Search Ads,1017.34
2024-07-02,East,Social Media,1231.87
2024-07-02,East,TV,757.3
2024-07-02,East,Search Ads,746.8
2024-07-02,West,Social Media,538.25
2024-07-02,West,TV,394.17
2024-07-02,West,Search Ads,404.86
2024-07-03,North,Social Media,1141.33
2024-07-03,North,TV,928.52
2024-07-03,North,Search Ads,609.69
2024-07-03,South,Social Media,904.64
2024-07-03,South,TV,467.99
2024-07-03,South,Search Ads,1063.17
2024-07-03,East,Social Media,552.44
2024-07-03,East,TV,922.73
2024-07-03,East,Search Ads,1116.37
2024-07-03,West,Social Media,589.83
2024-07-03,West,TV,839.16
2024-07-03,West,Search Ads,779.97
2024-07-04,North,Social Media,1087.74
2024-07-04,North,TV,723.41
2024-07-04,North,Search Ads,1399.79
2024-07-04,South,Social Media,1287.08
2024-07-04,South,TV,718.87
2024-07-04,South,Search Ads,535.12
2024-07-04,East,Social Media,692.91
2024-07-04,East,TV,995.84
2024-07-04,East,Search Ads,1372.1
2024-07-04,West,Social Media,654.51
2024-07-04,West,TV,370.89
2024-07-04,West,Search Ads,606.69
2024-07-05,North,Social Media,721.4
2024-07-05,North,TV,522.71
2024-07-05,North,Search Ads,538.15
2024-07-05,South,Social Media,1015.96
2024-07-05,South,TV,826.91
2024-07-05,South,Search Ads,874.47
2024-07-05,East,Social Media,1114.74
2024-07-05,East,TV,942.38
2024-07-05,East,Search Ads,1461.22
2024-07-05,West,Social Media,735.67
2024-07-05,West,TV,505.86
2024-07-05,West,Search Ads,783.65
2024-07-06,North,Social Media,1476.74
2024-07-06,North,TV,864.47
2024-07-06,North,Search Ads,1347.29
2024-07-06,South,Social Media,731.17
2024-07-06,South,TV,1311.06
2024-07-06,South,Search Ads,921.39
2024-07-06,East,Social Media,809.15
2024-07-06,East,TV,1380.25
2024-07-06,East,Search Ads,1102.73
2024-07-06,West,Social Media,744.19
2024-07-06,West,TV,515.68
2024-07-06,West,Search Ads,304.2
2024-07-07,North,Social Media,982.94
2024-07-07,North,TV,1055.47
2024-07-07,North,Search Ads,561.42
2024-07-07,South,Social Media,755.27
2024-07-07,South,TV,1071.87
2024-07-07,South,Search Ads,789.45
2024-07-07,East,Social Media,655.29
2024-07-07,East,TV,1366.45
2024-07-07,East,Search Ads,1157.45
2024-07-07,West,Social Media,784.38
2024-07-07,West,TV,364.86
2024-07-07,West,Search Ads,337.26
2024-07-08,North,Social Media,1200.09
2024-07-08,North,TV,898.23
2024-07-08,North,Search Ads,1458.82
2024-07-08,South,Social Media,905.01
2024-07-08,South,TV,630.74
2024-07-08,South,Search Ads,567.84
2024-07-08,East,Social Media,1129.21
2024-07-08,East,TV,986.28
2024-07-08,East,Search Ads,952.51
2024-07-08,West,Social Media,798.27
2024-07-08,West,TV,849.32
2024-07-08,West,Search Ads,623.33
2024-07-09,North,Social Media,730.57
2024-07-09,North,TV,730.64
2024-07-09,North,Search Ads,1376.66
2024-07-09,South,Social Media,493.97
2024-07-09,South,TV,770.38
2024-07-09,South,Search Ads,850.62
2024-07-09,East,Social Media,1419.54
2024-07-09,East,TV,589.91
2024-07-09,East,Search Ads,839.22
2024-07-09,West,Social Media,433.28
2024-07-09,West,TV,787.41
2024-07-09,West,Search Ads,704.52
2024-07-10,North,Social Media,1340.17
2024-07-10,North,TV,1116.89
2024-07-10,North,Search Ads,769.11
2024-07-10,South,Social Media,578.53
2024-07-10,South,TV,1235.81
2024-07-10,South,Search Ads,690.52
2024-07-10,East,Social Media,1352.41
2024-07-10,East,TV,898.45
2024-07-10,East,Search Ads,839.2
2024-07-10,West,Social Media,549.44
2024-07-10,West,TV,789.46
2024-07-10,West,Search Ads,854.35
2024-07-11,North,Social Media,1324.41
2024-07-11,North,TV,849.17
2024-07-11,North,Search Ads,1495.19
2024-07-11,South,Social Media,910.54
2024-07-11,South,TV,1240.04
2024-07-11,South,Search Ads,652.36
2024-07-11,East,Social Media,558.11
2024-07-11,East,TV,579.52
2024-07-11,East,Search Ads,1016.54
2024-07-11,West,Social Media,895.62
2024-07-11,West,TV,508.14
2024-07-11,West,Search Ads,579.66
2024-07-12,North,Social Media,865.59
2024-07-12,North,TV,1157.27
2024-07-12,North,Search Ads,1157.81
2024-07-12,South,Social Media,528.66
2024-07-12,South,TV,501.5
2024-07-12,South,Search Ads,1224.48
2024-07-12,East,Social Media,1316.14
2024-07-12,East,TV,749.29
2024-07-12,East,Search Ads,623.83
2024-07-12,West,Social Media,498.63
2024-07-12,West,TV,423.5
2024-07-12,West,Search Ads,403.26
2024-07-13,North,Social Media,1245.89
2024-07-13,North,TV,927.83
2024-07-13,North,Search Ads,701.16
2024-07-13,South,Social Media,1373.45
2024-07-13,South,TV,719.64
2024-07-13,South,Search Ads,1051.11
2024-07-13,East,Social Media,1220.5
2024-07-13,East,TV,656.85
2024-07-13,East,Search Ads,1526.21
2024-07-13,West,Social Media,453.88
2024-07-13,West,TV,678.15
2024-07-13,West,Search Ads,662.49
2024-07-14,North,Social Media,1053.67
2024-07-14,North,TV,895.87
2024-07-14,North,Search Ads,1108.51
2024-07-14,South,Social Media,1069.66
2024-07-14,South,TV,1436.81
2024-07-14,South,Search Ads,690.46
2024-07-14,East,Social Media,971.0
2024-07-14,East,TV,1093.81
2024-07-14,East,Search Ads,631.82
2024-07-14,West,Social Media,582.85
2024-07-14,West,TV,698.7
2024-07-14,West,Search Ads,279.42
2024-07-15,North,Social Media,767.09
2024-07-15,North,TV,1438.56
2024-07-15,North,Search Ads,586.71
2024-07-15,South,Social Media,1259.09
2024-07-15,South,TV,1390.35
2024-07-15,South,Search Ads,637.0
2024-07-15,East,Social Media,666.22
2024-07-15,East,TV,576.32
2024-07-15,East,Search Ads,658.35
2024-07-15,West,Social Media,515.0
2024-07-15,West,TV,521.87
2024-07-15,West,Search Ads,545.68
2024-07-16,North,Social Media,1042.95
2024-07-16,North,TV,1449.16
2024-07-16,North,Search Ads,549.82
2024-07-16,South,Social Media,1140.57
2024-07-16,South,TV,902.84
2024-07-16,South,Search Ads,1093.97
2024-07-16,East,Social Media,746.88
2024-07-16,East,TV,578.51
2024-07-16,East,Search Ads,1314.66
2024-07-16,West,Social Media,690.02
2024-07-16,West,TV,500.95
2024-07-16,West,Search Ads,595.25
2024-07-17,North,Social Media,1245.66
2024-07-17,North,TV,1013.33
2024-07-17,North,Search Ads,546.68
2024-07-17,South,Social Media,1108.8
2024-07-17,South,TV,1398.17
2024-07-17,South,Search Ads,545.39
2024-07-17,East,Social Media,680.22
2024-07-17,East,TV,994.62
2024-07-17,East,Search Ads,869.86
2024-07-17,West,Social Media,347.62
2024-07-17,West,TV,868.63
2024-07-17,West,Search Ads,843.52
2024-07-18,North,Social Media,1161.62
2024-07-18,North,TV,1041.61
2024-07-18,North,Search Ads,1156.14
2024-07-18,South,Social Media,777.68
2024-07-18,South,TV,599.15
2024-07-18,South,Search Ads,706.14
2024-07-18,East,Social Media,862.03
2024-07-18,East,TV,924.36
2024-07-18,East,Search Ads,1307.12
2024-07-18,West,Social Media,571.08
2024-07-18,West,TV,873.97
2024-07-18,West,Search Ads,820.51
2024-07-19,North,Social Media,1002.15
2024-07-19,North,TV,753.39
2024-07-19,North,Search Ads,767.63
2024-07-19,South,Social Media,896.69
2024-07-19,South,TV,905.12
2024-07-19,South,Search Ads,1068.16
2024-07-19,East,Social Media,1051.03
2024-07-19,East,TV,1140.42
2024-07-19,East,Search Ads,1387.79
2024-07-19,West,Social Media,862.64
2024-07-19,West,TV,822.87
2024-07-19,West,Search Ads,359.0
2024-07-20,North,Social Media,885.67
2024-07-20,North,TV,1476.04
2024-07-20,North,Search Ads,1459.18
2024-07-20,South,Social Media,596.53
2024-07-20,South,TV,939.06
2024-07-20,South,Search Ads,503.65
2024-07-20,East,Social Media,604.46
2024-07-20,East,TV,911.4
2024-07-20,East,Search Ads,1188.01
2024-07-20,West,Social Media,443.12
2024-07-20,West,TV,882.55
2024-07-20,West,Search Ads,301.16
2024-07-21,North,Social Media,980.75
2024-07-21,North,TV,1411.07
2024-07-21,North,Search Ads,651.66
2024-07-21,South,Social Media,953.67
2024-07-21,South,TV,1138.72
2024-07-21,South,Search Ads,653.7
2024-07-21,East,Social Media,755.97
2024-07-21,East,TV,624.67
2024-07-21,East,Search Ads,977.5
2024-07-21,West,Social Media,369.54
2024-07-21,West,TV,485.88
2024-07-21,West,Search Ads,381.11
2024-07-22,North,Social Media,1294.38
2024-07-22,North,TV,677.92
2024-07-22,North,Search Ads,595.98
2024-07-22,South,Social Media,781.54
2024-07-22,South,TV,575.7
2024-07-22,South,Search Ads,1345.48
2024-07-22,East,Social Media,1172.21
2024-07-22,East,TV,561.91
2024-07-22,East,Search Ads,1121.2
2024-07-22,West,Social Media,511.72
2024-07-22,West,TV,410.64
2024-07-22,West,Search Ads,466.23
2024-07-23,North,Social Media,738.86
2024-07-23,North,TV,1130.44
2024-07-23,North,Search Ads,861.94
2024-07-23,South,Social Media,492.07
2024-07-23,South,TV,992.43
2024-07-23,South,Search Ads,634.31
2024-07-23,East,Social Media,1298.79
2024-07-23,East,TV,1194.45
2024-07-23,East,Search Ads,950.35
2024-07-23,West,Social Media,722.52
2024-07-23,West,TV,714.24
2024-07-23,West,Search Ads,578.2
2024-07-24,North,Social Media,659.87
2024-07-24,North,TV,1312.1
2024-07-24,North,Search Ads,1277.13
2024-07-24,South,Social Media,892.48
2024-07-24,South,TV,1112.3
2024-07-24,South,Search Ads,986.26
2024-07-24,East,Social Media,1382.01
2024-07-24,East,TV,1232.09
2024-07-24,East,Search Ads,1064.47
2024-07-24,West,Social Media,391.96
2024-07-24,West,TV,456.47
2024-07-24,West,Search Ads,575.99
2024-07-25,North,Social Media,1063.03
2024-07-25,North,TV,1440.75
2024-07-25,North,Search Ads,779.35
2024-07-25,South,Social Media,1260.2
2024-07-25,South,TV,704.39
2024-07-25,South,Search Ads,1383.86
2024-07-25,East,Social Media,1409.09
2024-07-25,East,TV,1296.34
2024-07-25,East,Search Ads,515.62
2024-07-25,West,Social Media,859.34
2024-07-25,West,TV,675.87
2024-07-25,West,Search Ads,823.99
2024-07-26,North,Social Media,563.29
2024-07-26,North,TV,1065.94
2024-07-26,North,Search Ads,581.75
2024-07-26,South,Social Media,733.2
2024-07-26,South,TV,991.86
2024-07-26,South,Search Ads,586.75
2024-07-26,East,Social Media,1368.22
2024-07-26,East,TV,1444.23
2024-07-26,East,Search Ads,1417.98
2024-07-26,West,Social Media,368.77
2024-07-26,West,TV,776.88
2024-07-26,West,Search Ads,406.4
2024-07-27,North,Social Media,972.05
2024-07-27,North,TV,989.02
2024-07-27,North,Search Ads,1248.14
2024-07-27,South,Social Media,550.52
2024-07-27,South,TV,1068.56
2024-07-27,South,Search Ads,750.83
2024-07-27,East,Social Media,717.98
2024-07-27,East,TV,1143.63
2024-07-27,East,Search Ads,1498.91
2024-07-27,West,Social Media,801.65
2024-07-27,West,TV,840.0
2024-07-27,West,Search Ads,325.01
2024-07-28,North,Social Media,1344.03
2024-07-28,North,TV,1070.31
2024-07-28,North,Search Ads,1228.59
2024-07-28,South,Social Media,1089.15
2024-07-28,South,TV,1426.87
2024-07-28,South,Search Ads,1160.24
2024-07-28,East,Social Media,697.31
2024-07-28,East,TV,1344.5
2024-07-28,East,Search Ads,1135.85
2024-07-28,West,Social Media,880.46
2024-07-28,West,TV,524.58
2024-07-28,West,Search Ads,479.68
2024-07-29,North,Social Media,1286.9
2024-07-29,North,TV,929.0
2024-07-29,North,Search Ads,726.07
2024-07-29,South,Social Media,1301.4
2024-07-29,South,TV,818.56
2024-07-29,South,Search Ads,1292.92
2024-07-29,East,Social Media,1026.26
2024-07-29,East,TV,1384.77
2024-07-29,East,Search Ads,782.46
2024-07-29,West,Social Media,855.48
2024-07-29,West,TV,260.71
2024-07-29,West,Search Ads,624.7
2024-07-30,North,Social Media,501.08
2024-07-30,North,TV,946.27
2024-07-30,North,Search Ads,920.95
2024-07-30,South,Social Media,762.44
2024-07-30,South,TV,940.42
2024-07-30,South,Search Ads,696.02
2024-07-30,East,Social Media,588.04
2024-07-30,East,TV,557.95
2024-07-30,East,Search Ads,1158.5
2024-07-30,West,Social Media,772.07
2024-07-30,West,TV,395.36
2024-07-30,West,Search Ads,694.45
2024-07-31,North,Social Media,786.81
2024-07-31,North,TV,542.32
2024-07-31,North,Search Ads,501.61
2024-07-31,South,Social Media,1117.46
2024-07-31,South,TV,1096.65
2024-07-31,South,Search Ads,1434.84
2024-07-31,East,Social Media,979.6
2024-07-31,East,TV,500.05
2024-07-31,East,Search Ads,750.97
2024-07-31,West,Social Media,562.95
2024-07-31,West,TV,631.75
2024-07-31,West,Search Ads,897.91
