date,region,product,units_sold,revenue
2024-02-01,North,Product A,103,4104.58
2024-02-01,North,Product B,97,4764.5
2024-02-01,North,Product C,149,5880.06
2024-02-01,South,Product A,152,4855.7
2024-02-01,South,Product B,89,2692.42
2024-02-01,South,Product C,107,4054.91
2024-02-01,East,Product A,139,5461.25
2024-02-01,East,Product B,135,3341.7
2024-02-01,East,Product C,122,3598.04
2024-02-01,West,Product A,113,4520.45
2024-02-01,West,Product B,153,7562.4
2024-02-01,West,Product C,100,3502.75
2024-02-02,North,Product A,153,7164.45
2024-02-02,North,Product B,95,3118.18
2024-02-02,North,Product C,139,6223.3
2024-02-02,South,Product A,146,3686.78
2024-02-02,South,Product B,131,4189.16
2024-02-02,South,Product C,89,3894.58
2024-02-02,East,Product A,102,3061.52
2024-02-02,East,Product B,86,3837.47
2024-02-02,East,Product C,99,3843.22
2024-02-02,West,Product A,154,4413.99
2024-02-02,West,Product B,122,4339.44
2024-02-02,West,Product C,139,4934.12
2024-02-03,North,Product A,125,4618.96
2024-02-03,North,Product B,106,3224.96
2024-02-03,North,Product C,112,3758.12
2024-02-03,South,Product A,134,6210.72
2024-02-03,South,Product B,80,1883.53
2024-02-03,South,Product C,119,3250.13
2024-02-03,East,Product A,135,6010.71
2024-02-03,East,Product B,122,4770.96
2024-02-03,East,Product C,94,2077.91
2024-02-03,West,Product A,92,2827.7
2024-02-03,West,Product B,138,3709.81
2024-02-03,West,Product C,123,3908.5
2024-02-04,North,Product A,95,3553.0
2024-02-04,North,Product B,128,4296.54
2024-02-04,North,Product C,141,6436.79
2024-02-04,South,Product A,158,6097.16
2024-02-04,South,Product B,134,4450.44
2024-02-04,South,Product C,133,4787.12
2024-02-04,East,Product A,83,2006.17
2024-02-04,East,Product B,111,5425.31
2024-02-04,East,Product C,108,2248.79
2024-02-04,West,Product A,88,2483.99
2024-02-04,West,Product B,106,4198.05
2024-02-04,West,Product C,92,2417.17
2024-02-05,North,Product A,105,3098.35
2024-02-05,North,Product B,84,2461.13
2024-02-05,North,Product C,131,6430.15
2024-02-05,South,Product A,105,4648.61
2024-02-05,South,Product B,93,2061.38
2024-02-05,South,Product C,92,2543.84
2024-02-05,East,Product A,91,2461.1
2024-02-05,East,Product B,138,6319.78
2024-02-05,East,Product C,132,4804.64
2024-02-05,West,Product A,83,3504.47
2024-02-05,West,Product B,128,2985.28
2024-02-05,West,Product C,97,2536.39
2024-02-06,North,Product A,89,3552.59
2024-02-06,North,Product B,116,3116.14
2024-02-06,North,Product C,140,3596.53
2024-02-06,South,Product A,134,4244.55
2024-02-06,South,Product B,80,1909.31
2024-02-06,South,Product C,138,6863.94
2024-02-06,East,Product A,121,4861.02
2024-02-06,East,Product B,152,6917.54
2024-02-06,East,Product C,134,6092.21
2024-02-06,West,Product A,100,4317.1
2024-02-06,West,Product B,144,3169.65
2024-02-06,West,Product C,99,3098.07
2024-02-07,North,Product A,88,2453.94
2024-02-07,North,Product B,137,5570.16
2024-02-07,North,Product C,92,3397.05
2024-02-07,South,Product A,151,5574.04
2024-02-07,South,Product B,108,2227.56
2024-02-07,South,Product C,112,3521.62
2024-02-07,East,Product A,132,5206.13
2024-02-07,East,Product B,137,4449.07
2024-02-07,East,Product C,137,5625.25
2024-02-07,West,Product A,89,3454.66
2024-02-07,West,Product B,89,2359.76
2024-02-07,West,Product C,101,3041.75
2024-02-08,North,Product A,90,2500.0
2024-02-08,North,Product B,140,4138.43
2024-02-08,North,Product C,92,1942.2
2024-02-08,South,Product A,122,5832.63
2024-02-08,South,Product B,86,3194.56
2024-02-08,South,Product C,129,2650.4
2024-02-08,East,Product A,115,2619.23
2024-02-08,East,Product B,108,4211.07
2024-02-08,East,Product C,83,3534.15
2024-02-08,West,Product A,105,3574.01
2024-02-08,West,Product B,137,5465.54
2024-02-08,West,Product C,115,5447.51
2024-02-09,North,Product A,112,4909.01
2024-02-09,North,Product B,135,4259.25
2024-02-09,North,Product C,98,3191.93
2024-02-09,South,Product A,126,4052.72
2024-02-09,South,Product B,122,5436.42
2024-02-09,South,Product C,95,4740.51
2024-02-09,East,Product A,136,6557.49
2024-02-09,East,Product B,104,4914.72
2024-02-09,East,Product C,125,5302.36
2024-02-09,West,Product A,79,2371.13
2024-02-09,West,Product B,85,2569.88
2024-02-09,West,Product C,131,5814.81
2024-02-10,North,Product A,102,3028.45
2024-02-10,North,Product B,124,2754.81
2024-02-10,North,Product C,143,5757.42
2024-02-10,South,Product A,129,4529.81
2024-02-10,South,Product B,112,3858.59
2024-02-10,South,Product C,118,5827.28
2024-02-10,East,Product A,77,2894.51
2024-02-10,East,Product B,139,3270.19
2024-02-10,East,Product C,125,5993.31
2024-02-10,West,Product A,135,5949.46
2024-02-10,West,Product B,117,2368.04
2024-02-10,West,Product C,119,5499.83
2024-02-11,North,Product A,134,3262.01
2024-02-11,North,Product B,134,5575.07
2024-02-11,North,Product C,117,4298.47
2024-02-11,South,Product A,97,2240.28
2024-02-11,South,Product B,110,3488.07
2024-02-11,South,Product C,142,4059.41
2024-02-11,East,Product A,87,3699.33
2024-02-11,East,Product B,88,2660.63
2024-02-11,East,Product C,92,2788.01
2024-02-11,West,Product A,74,3090.86
2024-02-11,West,Product B,122,4103.18
2024-02-11,West,Product C,99,4366.12
2024-02-12,North,Product A,120,5888.25
2024-02-12,North,Product B,121,3776.28
2024-02-12,North,Product C,123,5021.92
2024-02-12,South,Product A,117,4911.55
2024-02-12,South,Product B,108,4728.77
2024-02-12,South,Product C,110,4477.08
2024-02-12,East,Product A,101,4339.21
2024-02-12,East,Product B,99,3244.5
2024-02-12,East,Product C,110,4781.48
2024-02-12,West,Product A,131,3516.7
2024-02-12,West,Product B,133,5777.81
2024-02-12,West,Product C,156,7672.24
2024-02-13,North,Product A,150,7142.57
2024-02-13,North,Product B,91,1956.63
2024-02-13,North,Product C,114,4538.19
2024-02-13,South,Product A,115,3831.0
2024-02-13,South,Product B,85,4105.93
2024-02-13,South,Product C,121,4910.22
2024-02-13,East,Product A,126,3794.87
2024-02-13,East,Product B,121,5790.62
2024-02-13,East,Product C,134,3635.88
2024-02-13,West,Product A,135,5545.4
2024-02-13,West,Product B,81,2757.88
2024-02-13,West,Product C,90,4303.05
2024-02-14,North,Product A,125,3598.49
2024-02-14,North,Product B,147,4542.89
2024-02-14,North,Product C,98,3156.67
2024-02-14,South,Product A,125,5932.96
2024-02-14,South,Product B,142,6654.97
2024-02-14,South,Product C,124,5017.5
2024-02-14,East,Product A,85,2161.75
2024-02-14,East,Product B,95,4059.86
2024-02-14,East,Product C,157,7835.05
2024-02-14,West,Product A,149,5134.43
2024-02-14,West,Product B,123,4356.27
2024-02-14,West,Product C,136,3971.43
2024-02-15,North,Product A,112,3139.46
2024-02-15,North,Product B,111,4186.15
2024-02-15,North,Product C,131,5643.75
2024-02-15,South,Product A,134,5031.06
2024-02-15,South,Product B,92,3557.51
2024-02-15,South,Product C,108,2384.47
2024-02-15,East,Product A,110,3249.44
2024-02-15,East,Product B,94,3023.4
2024-02-15,East,Product C,126,2949.27
2024-02-15,West,Product A,83,2204.88
2024-02-15,West,Product B,115,4075.83
2024-02-15,West,Product C,133,5685.37
2024-02-16,North,Product A,144,7086.59
2024-02-16,North,Product B,139,3591.58
2024-02-16,North,Product C,134,6313.54
2024-02-16,South,Product A,118,2785.22
2024-02-16,South,Product B,100,2898.8
2024-02-16,South,Product C,125,4293.48
2024-02-16,East,Product A,128,4421.91
2024-02-16,East,Product B,103,5026.54
2024-02-16,East,Product C,146,5843.45
2024-02-16,West,Product A,124,3738.05
2024-02-16,West,Product B,99,4592.4
2024-02-16,West,Product C,109,4044.36
2024-02-17,North,Product A,118,4929.54
2024-02-17,North,Product B,129,4624.58
2024-02-17,North,Product C,138,5268.6
2024-02-17,South,Product A,135,2944.69
2024-02-17,South,Product B,126,5514.84
2024-02-17,South,Product C,99,3600.04
2024-02-17,East,Product A,116,4767.04
2024-02-17,East,Product B,109,3131.65
2024-02-17,East,Product C,131,3907.14
2024-02-17,West,Product A,87,2454.71
2024-02-17,West,Product B,113,3495.14
2024-02-17,West,Product C,93,4410.38
2024-02-18,North,Product A,76,2012.95
2024-02-18,North,Product B,143,4508.67
2024-02-18,North,Product C,120,4291.63
2024-02-18,South,Product A,85,3254.64
2024-02-18,South,Product B,109,3244.93
2024-02-18,South,Product C,91,2423.76
2024-02-18,East,Product A,86,3370.73
2024-02-18,East,Product B,95,3963.65
2024-02-18,East,Product C,134,4188.08
2024-02-18,West,Product A,103,2207.72
2024-02-18,West,Product B,84,1873.35
2024-02-18,West,Product C,122,5838.19
2024-02-19,North,Product A,148,3250.7
2024-02-19,North,Product B,118,2965.36
2024-02-19,North,Product C,94,2932.01
2024-02-19,South,Product A,140,5939.09
2024-02-19,South,Product B,101,3322.33
2024-02-19,South,Product C,110,2495.3
2024-02-19,East,Product A,135,6482.21
2024-02-19,East,Product B,88,2773.42
2024-02-19,East,Product C,75,3065.48
2024-02-19,West,Product A,97,2227.77
2024-02-19,West,Product B,94,2897.35
2024-02-19,West,Product C,81,1969.83
2024-02-20,North,Product A,87,1906.67
2024-02-20,North,Product B,120,3145.16
2024-02-20,North,Product C,150,5666.06
2024-02-20,South,Product A,131,3781.51
2024-02-20,South,Product B,109,4643.39
2024-02-20,South,Product C,141,6403.33
2024-02-20,East,Product A,103,2310.17
2024-02-20,East,Product B,139,3105.06
2024-02-20,East,Product C,91,2286.17
2024-02-20,West,Product A,85,3487.83
2024-02-20,West,Product B,114,5657.45
2024-02-20,West,Product C,145,6614.3
2024-02-21,North,Product A,146,6610.79
2024-02-21,North,Product B,104,4625.35
2024-02-21,North,Product C,115,3483.5
2024-02-21,South,Product A,126,3050.54
2024-02-21,South,Product B,99,2567.62
2024-02-21,South,Product C,134,4030.22
2024-02-21,East,Product A,103,4726.28
2024-02-21,East,Product B,122,3091.52
2024-02-21,East,Product C,119,3310.38
2024-02-21,West,Product A,134,6681.56
2024-02-21,West,Product B,117,3796.83
2024-02-21,West,Product C,113,4304.78
2024-02-22,North,Product A,149,4559.06
2024-02-22,North,Product B,82,3438.45
2024-02-22,North,Product C,107,3215.56
2024-02-22,South,Product A,111,3146.94
2024-02-22,South,Product B,125,6141.81
2024-02-22,South,Product C,105,4119.57
2024-02-22,East,Product A,130,4564.22
2024-02-22,East,Product B,86,4027.59
2024-02-22,East,Product C,129,6269.96
2024-02-22,West,Product A,112,5290.28
2024-02-22,West,Product B,129,3775.14
2024-02-22,West,Product C,137,6379.34
2024-02-23,North,Product A,93,3330.9
2024-02-23,North,Product B,91,2539.35
2024-02-23,North,Product C,138,6379.35
2024-02-23,South,Product A,94,4233.21
2024-02-23,South,Product B,130,5307.5
2024-02-23,South,Product C,131,2771.82
2024-02-23,East,Product A,116,3457.94
2024-02-23,East,Product B,153,3164.91
2024-02-23,East,Product C,98,3819.16
2024-02-23,West,Product A,101,2410.49
2024-02-23,West,Product B,123,4269.88
2024-02-23,West,Product C,92,2134.31
2024-02-24,North,Product A,104,4594.57
2024-02-24,North,Product B,131,5375.98
2024-02-24,North,Product C,141,4652.51
2024-02-24,South,Product A,116,4739.76
2024-02-24,South,Product B,109,4560.81
2024-02-24,South,Product C,82,2247.7
2024-02-24,East,Product A,130,3256.99
2024-02-24,East,Product B,80,2210.49
2024-02-24,East,Product C,105,3025.39
2024-02-24,West,Product A,129,4372.28
2024-02-24,West,Product B,113,5020.41
2024-02-24,West,Product C,126,3575.23
2024-02-25,North,Product A,139,5336.85
2024-02-25,North,Product B,122,5198.01
2024-02-25,North,Product C,91,2673.79
2024-02-25,South,Product A,142,4550.74
2024-02-25,South,Product B,94,4624.11
2024-02-25,South,Product C,100,3519.98
2024-02-25,East,Product A,82,2659.43
2024-02-25,East,Product B,110,3047.53
2024-02-25,East,Product C,140,6897.87
2024-02-25,West,Product A,96,4363.34
2024-02-25,West,Product B,99,3325.96
2024-02-25,West,Product C,121,5175.66
2024-02-26,North,Product A,83,1974.93
2024-02-26,North,Product B,130,3982.91
2024-02-26,North,Product C,106,2556.28
2024-02-26,South,Product A,118,5402.09
2024-02-26,South,Product B,101,2425.65
2024-02-26,South,Product C,89,4076.59
2024-02-26,East,Product A,76,2371.67
2024-02-26,East,Product B,92,4448.31
2024-02-26,East,Product C,86,3069.41
2024-02-26,West,Product A,130,3301.11
2024-02-26,West,Product B,127,3665.57
2024-02-26,West,Product C,83,4030.97
2024-02-27,North,Product A,87,3272.97
2024-02-27,North,Product B,119,4473.34
2024-02-27,North,Product C,136,4663.68
2024-02-27,South,Product A,139,3818.18
2024-02-27,South,Product B,90,3638.69
2024-02-27,South,Product C,138,5141.36
2024-02-27,East,Product A,75,3318.27
2024-02-27,East,Product B,88,2391.81
2024-02-27,East,Product C,108,4733.19
2024-02-27,West,Product A,86,3500.91
2024-02-27,West,Product B,99,2338.01
2024-02-27,West,Product C,108,5257.11
2024-02-28,North,Product A,102,4072.85
2024-02-28,North,Product B,80,2172.9
2024-02-28,North,Product C,111,3802.5
2024-02-28,South,Product A,81,3054.76
2024-02-28,South,Product B,135,4683.77
2024-02-28,South,Product C,81,2263.65
2024-02-28,East,Product A,145,3542.76
2024-02-28,East,Product B,90,2438.49
2024-02-28,East,Product C,114,3020.45
2024-02-28,West,Product A,121,5390.46
2024-02-28,West,Product B,80,1642.07
2024-02-28,West,Product C,137,5722.69
2024-02-29,North,Product A,140,4501.12
2024-02-29,North,Product B,133,4837.28
2024-02-29,North,Product C,127,4429.8
2024-02-29,South,Product A,134,3548.44
2024-02-29,South,Product B,142,4123.54
2024-02-29,South,Product C,89,2866.7
2024-02-29,East,Product A,72,3275.87
2024-02-29,East,Product B,105,3361.73
2024-02-29,East,Product C,76,2105.39
2024-02-29,West,Product A,99,2828.15
2024-02-29,West,Product B,107,2514.28
2024-02-29,West,Product C,96,4692.18
2024-03-01,North,Product A,136,5702.44
2024-03-01,North,Product B,89,3521.56
2024-03-01,North,Product C,134,4351.49
2024-03-01,South,Product A,153,4889.83
2024-03-01,South,Product B,89,3528.62
2024-03-01,South,Product C,115,2376.33
2024-03-01,East,Product A,114,4049.42
2024-03-01,East,Product B,116,2550.54
2024-03-01,East,Product C,96,3420.49
2024-03-01,West,Product A,85,1917.55
2024-03-01,West,Product B,112,3987.29
2024-03-01,West,Product C,106,4412.36
2024-03-02,North,Product A,154,4507.24
2024-03-02,North,Product B,88,4305.4
2024-03-02,North,Product C,146,4893.27
2024-03-02,South,Product A,133,6631.38
2024-03-02,South,Product B,150,5466.43
2024-03-02,South,Product C,147,6172.09
2024-03-02,East,Product A,87,4014.04
2024-03-02,East,Product B,136,6406.46
2024-03-02,East,Product C,104,4945.39
2024-03-02,West,Product A,105,4569.1
2024-03-02,West,Product B,123,2834.48
2024-03-02,West,Product C,126,5846.98
2024-03-03,North,Product A,96,2455.85
2024-03-03,North,Product B,141,6163.14
2024-03-03,North,Product C,140,6273.25
2024-03-03,South,Product A,104,2148.63
2024-03-03,South,Product B,74,3329.01
2024-03-03,South,Product C,133,6078.91
2024-03-03,East,Product A,130,5834.56
2024-03-03,East,Product B,103,4238.73
2024-03-03,East,Product C,140,2815.24
2024-03-03,West,Product A,126,3005.45
2024-03-03,West,Product B,124,4589.49
2024-03-03,West,Product C,143,3163.88
2024-03-04,North,Product A,91,3908.4
2024-03-04,North,Product B,123,6005.95
2024-03-04,North,Product C,93,3719.83
2024-03-04,South,Product A,120,5793.1
2024-03-04,South,Product B,73,1889.26
2024-03-04,South,Product C,142,5871.22
2024-03-04,East,Product A,83,2341.75
2024-03-04,East,Product B,80,3515.43
2024-03-04,East,Product C,78,3144.23
2024-03-04,West,Product A,80,2084.67
2024-03-04,West,Product B,90,4444.8
2024-03-04,West,Product C,128,5529.03
2024-03-05,North,Product A,117,2900.41
2024-03-05,North,Product B,131,3655.11
2024-03-05,North,Product C,130,3422.65
2024-03-05,South,Product A,79,3576.13
2024-03-05,South,Product B,125,5041.72
2024-03-05,South,Product C,118,3394.28
2024-03-05,East,Product A,105,4284.2
2024-03-05,East,Product B,144,6271.44
2024-03-05,East,Product C,112,3585.0
2024-03-05,West,Product A,75,2201.72
2024-03-05,West,Product B,140,6378.89
2024-03-05,West,Product C,127,4255.37
2024-03-06,North,Product A,134,4166.76
2024-03-06,North,Product B,105,2500.88
2024-03-06,North,Product C,145,6896.72
2024-03-06,South,Product A,127,4095.18
2024-03-06,South,Product B,110,5394.93
2024-03-06,South,Product C,128,3052.25
2024-03-06,East,Product A,77,2439.7
2024-03-06,East,Product B,136,5175.07
2024-03-06,East,Product C,124,4967.31
2024-03-06,West,Product A,123,4255.43
2024-03-06,West,Product B,81,3072.89
2024-03-06,West,Product C,90,2649.07
2024-03-07,North,Product A,82,3952.22
2024-03-07,North,Product B,128,4003.14
2024-03-07,North,Product C,141,5973.23
2024-03-07,South,Product A,99,3452.33
2024-03-07,South,Product B,118,5475.09
2024-03-07,South,Product C,152,5839.43
2024-03-07,East,Product A,142,5744.57
2024-03-07,East,Product B,111,3439.23
2024-03-07,East,Product C,94,4110.93
2024-03-07,West,Product A,102,3557.91
2024-03-07,West,Product B,132,5099.5
2024-03-07,West,Product C,120,3173.32
2024-03-08,North,Product A,91,3652.39
2024-03-08,North,Product B,131,5648.72
2024-03-08,North,Product C,101,2282.68
2024-03-08,South,Product A,78,2700.15
2024-03-08,South,Product B,104,4342.6
2024-03-08,South,Product C,96,3246.24
2024-03-08,East,Product A,94,2855.12
2024-03-08,East,Product B,143,6581.35
2024-03-08,East,Product C,114,3490.4
2024-03-08,West,Product A,123,3919.64
2024-03-08,West,Product B,121,3601.53
2024-03-08,West,Product C,78,2000.94
2024-03-09,North,Product A,154,3479.04
2024-03-09,North,Product B,111,4486.47
2024-03-09,North,Product C,124,3108.29
2024-03-09,South,Product A,105,4719.34
2024-03-09,South,Product B,101,3143.57
2024-03-09,South,Product C,91,4423.53
2024-03-09,East,Product A,74,3012.92
2024-03-09,East,Product B,129,5968.82
2024-03-09,East,Product C,81,1636.79
2024-03-09,West,Product A,111,4082.21
2024-03-09,West,Product B,84,2382.81
2024-03-09,West,Product C,157,7750.82
2024-03-10,North,Product A,127,2709.56
2024-03-10,North,Product B,93,4082.16
2024-03-10,North,Product C,80,3322.5
2024-03-10,South,Product A,133,4884.77
2024-03-10,South,Product B,125,4841.34
2024-03-10,South,Product C,94,3989.78
2024-03-10,East,Product A,147,4641.53
2024-03-10,East,Product B,141,2945.27
2024-03-10,East,Product C,125,2754.65
2024-03-10,West,Product A,134,6154.77
2024-03-10,West,Product B,151,5554.38
2024-03-10,West,Product C,148,5709.4
2024-03-11,North,Product A,134,2940.52
2024-03-11,North,Product B,118,4279.08
2024-03-11,North,Product C,107,2523.67
2024-03-11,South,Product A,137,5935.28
2024-03-11,South,Product B,100,4027.58
2024-03-11,South,Product C,107,4668.39
2024-03-11,East,Product A,112,2253.1
2024-03-11,East,Product B,95,4416.33
2024-03-11,East,Product C,96,4493.39
2024-03-11,West,Product A,78,2014.45
2024-03-11,West,Product B,149,3107.03
2024-03-11,West,Product C,112,4356.64
2024-03-12,North,Product A,136,2944.37
2024-03-12,North,Product B,111,2570.63
2024-03-12,North,Product C,94,3373.24
2024-03-12,South,Product A,124,6174.51
2024-03-12,South,Product B,104,2123.06
2024-03-12,South,Product C,103,2775.92
2024-03-12,East,Product A,90,3769.45
2024-03-12,East,Product B,90,2171.23
2024-03-12,East,Product C,100,4272.4
2024-03-12,West,Product A,93,2170.06
2024-03-12,West,Product B,113,2986.91
2024-03-12,West,Product C,89,4443.06
2024-03-13,North,Product A,123,3330.28
2024-03-13,North,Product B,78,3363.92
2024-03-13,North,Product C,91,3996.75
2024-03-13,South,Product A,87,3525.28
2024-03-13,South,Product B,92,3327.75
2024-03-13,South,Product C,84,2349.7
2024-03-13,East,Product A,141,4431.86
2024-03-13,East,Product B,100,3612.33
2024-03-13,East,Product C,104,3341.01
2024-03-13,West,Product A,86,2097.96
2024-03-13,West,Product B,120,5067.64
2024-03-13,West,Product C,103,4391.13
2024-03-14,North,Product A,149,4775.41
2024-03-14,North,Product B,129,5580.74
2024-03-14,North,Product C,90,2212.93
2024-03-14,South,Product A,130,3637.35
2024-03-14,South,Product B,122,3312.55
2024-03-14,South,Product C,134,5050.9
2024-03-14,East,Product A,116,2932.74
2024-03-14,East,Product B,102,2130.89
2024-03-14,East,Product C,119,2978.69
2024-03-14,West,Product A,149,3955.39
2024-03-14,West,Product B,132,4025.28
2024-03-14,West,Product C,94,3131.13
2024-03-15,North,Product A,77,2062.51
2024-03-15,North,Product B,116,2972.18
2024-03-15,North,Product C,122,2632.73
2024-03-15,South,Product A,119,2595.53
2024-03-15,South,Product B,117,3544.85
2024-03-15,South,Product C,117,3549.24
2024-03-15,East,Product A,83,2925.48
2024-03-15,East,Product B,105,4461.94
2024-03-15,East,Product C,137,6532.87
2024-03-15,West,Product A,122,2500.85
2024-03-15,West,Product B,92,3012.49
2024-03-15,West,Product C,111,3436.12
2024-03-16,North,Product A,112,4343.42
2024-03-16,North,Product B,91,4049.45
2024-03-16,North,Product C,136,6655.55
2024-03-16,South,Product A,104,4606.92
2024-03-16,South,Product B,95,2845.91
2024-03-16,South,Product C,91,4495.78
2024-03-16,East,Product A,85,3162.85
2024-03-16,East,Product B,135,4859.97
2024-03-16,East,Product C,108,3143.38
2024-03-16,West,Product A,89,4174.48
2024-03-16,West,Product B,133,4299.3
2024-03-16,West,Product C,133,4371.08
2024-03-17,North,Product A,141,6171.09
2024-03-17,North,Product B,130,5716.44
2024-03-17,North,Product C,114,2508.51
2024-03-17,South,Product A,124,4307.33
2024-03-17,South,Product B,83,2382.6
2024-03-17,South,Product C,99,2562.13
2024-03-17,East,Product A,107,2942.07
2024-03-17,East,Product B,121,3808.12
2024-03-17,East,Product C,99,3064.33
2024-03-17,West,Product A,112,4705.41
2024-03-17,West,Product B,95,3518.16
2024-03-17,West,Product C,79,3181.09
2024-03-18,North,Product A,153,7575.72
2024-03-18,North,Product B,86,3365.17
2024-03-18,North,Product C,84,2541.53
2024-03-18,South,Product A,111,2563.82
2024-03-18,South,Product B,113,4502.62
2024-03-18,South,Product C,140,6849.28
2024-03-18,East,Product A,86,3721.3
2024-03-18,East,Product B,103,4488.72
2024-03-18,East,Product C,126,2846.88
2024-03-18,West,Product A,97,2633.09
2024-03-18,West,Product B,146,5621.48
2024-03-18,West,Product C,137,6731.38
2024-03-19,North,Product A,98,4294.71
2024-03-19,North,Product B,113,2869.91
2024-03-19,North,Product C,92,2633.91
2024-03-19,South,Product A,123,2635.92
2024-03-19,South,Product B,148,7004.49
2024-03-19,South,Product C,87,2591.3
2024-03-19,East,Product A,94,4209.17
2024-03-19,East,Product B,133,4757.62
2024-03-19,East,Product C,147,4774.7
2024-03-19,West,Product A,109,4592.35
2024-03-19,West,Product B,141,5288.42
2024-03-19,West,Product C,92,4419.88
2024-03-20,North,Product A,122,3452.25
2024-03-20,North,Product B,105,4752.71
2024-03-20,North,Product C,155,7293.23
2024-03-20,South,Product A,130,5422.47
2024-03-20,South,Product B,100,2727.24
2024-03-20,South,Product C,85,4098.12
2024-03-20,East,Product A,107,2341.12
2024-03-20,East,Product B,130,5884.16
2024-03-20,East,Product C,83,2681.77
2024-03-20,West,Product A,79,2038.06
2024-03-20,West,Product B,115,4777.34
2024-03-20,West,Product C,138,5505.62
2024-03-21,North,Product A,131,4189.9
2024-03-21,North,Product B,93,4529.88
2024-03-21,North,Product C,87,3996.26
2024-03-21,South,Product A,75,3404.15
2024-03-21,South,Product B,114,4761.4
2024-03-21,South,Product C,116,2492.17
2024-03-21,East,Product A,110,4832.73
2024-03-21,East,Product B,148,5584.75
2024-03-21,East,Product C,84,2933.71
2024-03-21,West,Product A,153,6230.71
2024-03-21,West,Product B,149,5171.41
2024-03-21,West,Product C,121,5886.87
2024-03-22,North,Product A,110,5448.13
2024-03-22,North,Product B,79,2950.61
2024-03-22,North,Product C,144,6580.57
2024-03-22,South,Product A,79,2947.62
2024-03-22,South,Product B,140,3289.46
2024-03-22,South,Product C,151,4987.59
2024-03-22,East,Product A,107,5003.14
2024-03-22,East,Product B,138,6402.25
2024-03-22,East,Product C,81,2820.5
2024-03-22,West,Product A,91,4475.43
2024-03-22,West,Product B,90,3613.99
2024-03-22,West,Product C,90,2114.23
2024-03-23,North,Product A,136,5855.78
2024-03-23,North,Product B,115,5551.64
2024-03-23,North,Product C,124,4890.71
2024-03-23,South,Product A,82,2332.98
2024-03-23,South,Product B,119,3499.73
2024-03-23,South,Product C,158,4043.5
2024-03-23,East,Product A,92,4024.69
2024-03-23,East,Product B,84,1880.27
2024-03-23,East,Product C,139,6868.08
2024-03-23,West,Product A,122,5873.46
2024-03-23,West,Product B,96,4169.72
2024-03-23,West,Product C,136,6119.62
2024-03-24,North,Product A,118,2660.49
2024-03-24,North,Product B,105,4348.68
2024-03-24,North,Product C,98,2752.73
2024-03-24,South,Product A,133,4928.84
2024-03-24,South,Product B,135,3950.4
2024-03-24,South,Product C,97,2490.51
2024-03-24,East,Product A,87,2015.51
2024-03-24,East,Product B,139,6488.67
2024-03-24,East,Product C,119,4085.14
2024-03-24,West,Product A,128,3738.83
2024-03-24,West,Product B,126,2924.94
2024-03-24,West,Product C,91,2729.88
2024-03-25,North,Product A,83,3445.34
2024-03-25,North,Product B,89,1870.37
2024-03-25,North,Product C,99,2589.09
2024-03-25,South,Product A,117,2400.24
2024-03-25,South,Product B,149,6168.72
2024-03-25,South,Product C,99,4637.89
2024-03-25,East,Product A,93,2964.92
2024-03-25,East,Product B,151,6270.16
2024-03-25,East,Product C,120,2722.29
2024-03-25,West,Product A,111,2903.13
2024-03-25,West,Product B,83,3178.14
2024-03-25,West,Product C,122,6057.06
2024-03-26,North,Product A,91,2587.36
2024-03-26,North,Product B,154,6887.89
2024-03-26,North,Product C,85,3219.74
2024-03-26,South,Product A,136,5811.61
2024-03-26,South,Product B,91,2231.31
2024-03-26,South,Product C,145,3798.08
2024-03-26,East,Product A,83,1770.57
2024-03-26,East,Product B,117,3178.46
2024-03-26,East,Product C,138,6752.53
2024-03-26,West,Product A,117,2990.38
2024-03-26,West,Product B,140,3109.71
2024-03-26,West,Product C,100,2503.93
2024-03-27,North,Product A,109,2636.57
2024-03-27,North,Product B,113,5171.72
2024-03-27,North,Product C,90,3530.1
2024-03-27,South,Product A,133,5710.43
2024-03-27,South,Product B,128,3899.81
2024-03-27,South,Product C,130,3602.11
2024-03-27,East,Product A,147,6541.09
2024-03-27,East,Product B,111,3523.82
2024-03-27,East,Product C,112,2661.7
2024-03-27,West,Product A,94,3452.84
2024-03-27,West,Product B,113,3363.86
2024-03-27,West,Product C,123,5325.37
2024-03-28,North,Product A,89,3142.84
2024-03-28,North,Product B,95,2772.84
2024-03-28,North,Product C,137,6428.72
2024-03-28,South,Product A,77,1905.15
2024-03-28,South,Product B,117,4222.53
2024-03-28,South,Product C,116,4718.88
2024-03-28,East,Product A,147,5912.3
2024-03-28,East,Product B,118,4144.47
2024-03-28,East,Product C,79,3745.2
2024-03-28,West,Product A,130,5237.54
2024-03-28,West,Product B,87,2171.59
2024-03-28,West,Product C,138,4072.36
2024-03-29,North,Product A,90,1884.69
2024-03-29,North,Product B,120,4039.66
2024-03-29,North,Product C,122,3084.22
2024-03-29,South,Product A,125,3543.41
2024-03-29,South,Product B,151,6588.68
2024-03-29,South,Product C,144,3253.32
2024-03-29,East,Product A,141,3518.34
2024-03-29,East,Product B,105,5122.82
2024-03-29,East,Product C,128,4367.11
2024-03-29,West,Product A,100,4763.78
2024-03-29,West,Product B,89,3262.96
2024-03-29,West,Product C,109,2244.15
2024-03-30,North,Product A,146,4638.7
2024-03-30,North,Product B,117,5610.11
2024-03-30,North,Product C,119,2386.17
2024-03-30,South,Product A,89,4237.4
2024-03-30,South,Product B,135,5386.97
2024-03-30,South,Product C,100,2172.94
2024-03-30,East,Product A,92,2455.55
2024-03-30,East,Product B,115,5082.18
2024-03-30,East,Product C,91,3220.14
2024-03-30,West,Product A,114,5301.36
2024-03-30,West,Product B,153,6950.31
2024-03-30,West,Product C,121,3037.12
2024-03-31,North,Product A,117,3591.42
2024-03-31,North,Product B,81,2573.73
2024-03-31,North,Product C,89,2423.93
2024-03-31,South,Product A,85,3296.79
2024-03-31,South,Product B,128,6118.66
2024-03-31,South,Product C,114,4344.78
2024-03-31,East,Product A,103,3941.59
2024-03-31,East,Product B,155,5014.04
2024-03-31,East,Product C,136,6366.69
2024-03-31,West,Product A,137,3240.44
2024-03-31,West,Product B,137,5920.52
2024-03-31,West,Product C,92,4167.03
2024-04-01,North,Product A,93,2652.94
2024-04-01,North,Product B,84,2869.81
2024-04-01,North,Product C,114,2814.78
2024-04-01,South,Product A,125,4495.13
2024-04-01,South,Product B,122,4455.59
2024-04-01,South,Product C,150,6699.35
2024-04-01,East,Product A,132,4622.14
2024-04-01,East,Product B,130,5879.9
2024-04-01,East,Product C,91,2594.37
2024-04-01,West,Product A,153,6421.54
2024-04-01,West,Product B,123,4181.74
2024-04-01,West,Product C,89,2434.25
2024-04-02,North,Product A,137,6250.43
2024-04-02,North,Product B,130,4424.09
2024-04-02,North,Product C,93,4313.3
2024-04-02,South,Product A,132,3729.96
2024-04-02,South,Product B,149,4900.21
2024-04-02,South,Product C,123,3438.26
2024-04-02,East,Product A,92,2581.55
2024-04-02,East,Product B,89,3225.39
2024-04-02,East,Product C,95,4017.32
2024-04-02,West,Product A,141,4702.29
2024-04-02,West,Product B,124,3798.02
2024-04-02,West,Product C,139,4285.58
2024-04-03,North,Product A,110,2312.16
2024-04-03,North,Product B,126,4121.66
2024-04-03,North,Product C,88,4248.51
2024-04-03,South,Product A,125,4758.62
2024-04-03,South,Product B,138,5033.2
2024-04-03,South,Product C,89,1917.88
2024-04-03,East,Product A,94,3975.57
2024-04-03,East,Product B,117,4351.41
2024-04-03,East,Product C,89,3728.25
2024-04-03,West,Product A,112,4841.28
2024-04-03,West,Product B,115,4555.24
2024-04-03,West,Product C,139,4061.29
2024-04-04,North,Product A,118,2510.57
2024-04-04,North,Product B,136,3949.56
2024-04-04,North,Product C,136,5121.08
2024-04-04,South,Product A,143,4934.52
2024-04-04,South,Product B,105,5021.98
2024-04-04,South,Product C,119,3720.36
2024-04-04,East,Product A,142,6342.55
2024-04-04,East,Product B,117,2536.59
2024-04-04,East,Product C,123,5484.22
2024-04-04,West,Product A,87,2347.44
2024-04-04,West,Product B,133,4477.16
2024-04-04,West,Product C,84,3271.83
2024-04-05,North,Product A,109,2337.67
2024-04-05,North,Product B,95,4119.89
2024-04-05,North,Product C,109,4250.01
2024-04-05,South,Product A,148,3749.65
2024-04-05,South,Product B,151,3228.98
2024-04-05,South,Product C,89,2124.68
2024-04-05,East,Product A,128,3368.04
2024-04-05,East,Product B,144,3558.62
2024-04-05,East,Product C,103,4253.89
2024-04-05,West,Product A,149,4360.3
2024-04-05,West,Product B,80,2309.01
2024-04-05,West,Product C,116,3864.75
2024-04-06,North,Product A,98,3966.01
2024-04-06,North,Product B,118,3184.1
2024-04-06,North,Product C,132,3981.69
2024-04-06,South,Product A,140,6435.55
2024-04-06,South,Product B,86,2805.03
2024-04-06,South,Product C,149,4862.55
2024-04-06,East,Product A,116,3632.11
2024-04-06,East,Product B,119,5127.75
2024-04-06,East,Product C,158,3195.55
2024-04-06,West,Product A,150,3934.68
2024-04-06,West,Product B,104,3359.21
2024-04-06,West,Product C,84,3947.92
2024-04-07,North,Product A,112,3163.93
2024-04-07,North,Product B,122,5330.55
2024-04-07,North,Product C,89,1811.99
2024-04-07,South,Product A,140,6978.74
2024-04-07,South,Product B,104,2404.25
2024-04-07,South,Product C,72,1574.16
2024-04-07,East,Product A,72,2962.64
2024-04-07,East,Product B,134,4896.45
2024-04-07,East,Product C,126,6191.08
2024-04-07,West,Product A,104,2412.0
2024-04-07,West,Product B,121,3487.54
2024-04-07,West,Product C,110,4970.42
2024-04-08,North,Product A,90,2489.21
2024-04-08,North,Product B,97,2734.92
2024-04-08,North,Product C,106,5131.6
2024-04-08,South,Product A,131,2817.45
2024-04-08,South,Product B,130,6383.91
2024-04-08,South,Product C,133,5543.61
2024-04-08,East,Product A,95,2620.48
2024-04-08,East,Product B,143,5286.11
2024-04-08,East,Product C,128,3359.69
2024-04-08,West,Product A,76,3413.81
2024-04-08,West,Product B,150,6315.29
2024-04-08,West,Product C,107,2884.82
2024-04-09,North,Product A,137,4063.11
2024-04-09,North,Product B,120,4747.13
2024-04-09,North,Product C,132,3948.5
2024-04-09,South,Product A,128,6193.91
2024-04-09,South,Product B,153,7184.19
2024-04-09,South,Product C,128,4979.27
2024-04-09,East,Product A,143,3624.19
2024-04-09,East,Product B,73,2871.03
2024-04-09,East,Product C,144,6287.43
2024-04-09,West,Product A,105,3493.51
2024-04-09,West,Product B,126,2634.91
2024-04-09,West,Product C,119,4573.87
2024-04-10,North,Product A,131,5574.61
2024-04-10,North,Product B,103,3994.31
2024-04-10,North,Product C,125,2844.64
2024-04-10,South,Product A,80,2707.21
2024-04-10,South,Product B,113,4738.54
2024-04-10,South,Product C,114,5372.44
2024-04-10,East,Product A,132,3873.09
2024-04-10,East,Product B,90,4177.71
2024-04-10,East,Product C,121,2497.96
2024-04-10,West,Product A,97,4072.87
2024-04-10,West,Product B,143,5272.46
2024-04-10,West,Product C,151,6293.17
2024-04-11,North,Product A,91,3402.13
2024-04-11,North,Product B,106,5004.82
2024-04-11,North,Product C,92,3339.49
2024-04-11,South,Product A,149,3375.48
2024-04-11,South,Product B,113,2423.09
2024-04-11,South,Product C,93,4018.97
2024-04-11,East,Product A,143,4615.37
2024-04-11,East,Product B,75,2939.57
2024-04-11,East,Product C,117,2844.96
2024-04-11,West,Product A,104,4478.4
2024-04-11,West,Product B,123,2648.76
2024-04-11,West,Product C,94,2126.96
2024-04-12,North,Product A,117,3549.92
2024-04-12,North,Product B,95,3410.9
2024-04-12,North,Product C,85,3226.82
2024-04-12,South,Product A,88,4323.64
2024-04-12,South,Product B,104,2669.01
2024-04-12,South,Product C,101,4478.62
2024-04-12,East,Product A,99,4938.5
2024-04-12,East,Product B,133,4732.13
2024-04-12,East,Product C,86,4083.31
2024-04-12,West,Product A,118,2540.49
2024-04-12,West,Product B,109,5199.03
2024-04-12,West,Product C,131,4723.29
2024-04-13,North,Product A,132,4183.95
2024-04-13,North,Product B,129,3291.03
2024-04-13,North,Product C,84,1833.36
2024-04-13,South,Product A,108,5155.49
2024-04-13,South,Product B,156,5453.17
2024-04-13,South,Product C,116,3411.28
2024-04-13,East,Product A,85,3631.0
2024-04-13,East,Product B,107,4637.49
2024-04-13,East,Product C,129,2998.29
2024-04-13,West,Product A,116,4776.21
2024-04-13,West,Product B,135,6060.83
2024-04-13,West,Product C,153,6568.26
2024-04-14,North,Product A,99,2487.42
2024-04-14,North,Product B,81,2223.12
2024-04-14,North,Product C,111,5435.04
2024-04-14,South,Product A,147,5351.83
2024-04-14,South,Product B,114,4083.23
2024-04-14,South,Product C,150,3731.69
2024-04-14,East,Product A,116,3910.3
2024-04-14,East,Product B,146,3364.01
2024-04-14,East,Product C,101,3239.83
2024-04-14,West,Product A,92,4257.34
2024-04-14,West,Product B,92,3847.57
2024-04-14,West,Product C,146,4334.15
2024-04-15,North,Product A,104,3581.77
2024-04-15,North,Product B,120,4190.2
2024-04-15,North,Product C,122,4687.58
2024-04-15,South,Product A,93,4621.23
2024-04-15,South,Product B,121,4125.14
2024-04-15,South,Product C,93,2860.75
2024-04-15,East,Product A,143,6057.67
2024-04-15,East,Product B,140,4096.15
2024-04-15,East,Product C,132,2886.71
2024-04-15,West,Product A,120,2429.2
2024-04-15,West,Product B,90,3701.38
2024-04-15,West,Product C,103,2796.21
2024-04-16,North,Product A,138,4985.8
2024-04-16,North,Product B,120,5591.64
2024-04-16,North,Product C,83,2086.58
2024-04-16,South,Product A,80,3265.53
2024-04-16,South,Product B,144,3242.26
2024-04-16,South,Product C,87,4187.95
2024-04-16,East,Product A,124,5096.93
2024-04-16,East,Product B,112,4516.04
2024-04-16,East,Product C,137,2776.26
2024-04-16,West,Product A,91,3236.39
2024-04-16,West,Product B,86,3263.74
2024-04-16,West,Product C,77,2838.52
2024-04-17,North,Product A,89,2615.43
2024-04-17,North,Product B,80,3265.74
2024-04-17,North,Product C,125,6105.19
2024-04-17,South,Product A,102,5021.95
2024-04-17,South,Product B,130,4896.83
2024-04-17,South,Product C,96,4369.69
2024-04-17,East,Product A,144,3129.46
2024-04-17,East,Product B,131,3288.02
2024-04-17,East,Product C,108,3899.79
2024-04-17,West,Product A,124,3380.64
2024-04-17,West,Product B,94,1958.97
2024-04-17,West,Product C,99,2413.64
2024-04-18,North,Product A,129,5020.41
2024-04-18,North,Product B,108,3307.04
2024-04-18,North,Product C,156,3676.33
2024-04-18,South,Product A,154,4157.48
2024-04-18,South,Product B,82,1692.14
2024-04-18,South,Product C,115,5688.34
2024-04-18,East,Product A,131,3202.48
2024-04-18,East,Product B,140,6422.03
2024-04-18,East,Product C,110,4520.66
2024-04-18,West,Product A,102,2964.52
2024-04-18,West,Product B,125,5362.01
2024-04-18,West,Product C,94,3850.46
2024-04-19,North,Product A,124,3987.16
2024-04-19,North,Product B,149,5856.0
2024-04-19,North,Product C,83,2279.89
2024-04-19,South,Product A,94,2688.99
2024-04-19,South,Product B,144,6852.72
2024-04-19,South,Product C,133,4366.54
2024-04-19,East,Product A,123,2522.59
2024-04-19,East,Product B,113,3838.93
2024-04-19,East,Product C,105,2195.05
2024-04-19,West,Product A,106,3238.1
2024-04-19,West,Product B,124,5180.51
2024-04-19,West,Product C,96,4207.01
2024-04-20,North,Product A,119,3061.34
2024-04-20,North,Product B,103,3742.1
2024-04-20,North,Product C,91,3054.35
2024-04-20,South,Product A,123,5834.74
2024-04-20,South,Product B,100,2538.71
2024-04-20,South,Product C,102,2041.05
2024-04-20,East,Product A,138,4099.28
2024-04-20,East,Product B,141,4710.54
2024-04-20,East,Product C,122,5019.73
2024-04-20,West,Product A,110,2750.39
2024-04-20,West,Product B,126,3692.6
2024-04-20,West,Product C,92,4588.34
2024-04-21,North,Product A,103,4177.36
2024-04-21,North,Product B,103,4338.84
2024-04-21,North,Product C,129,4159.1
2024-04-21,South,Product A,82,1932.07
2024-04-21,South,Product B,117,4580.08
2024-04-21,South,Product C,84,3852.09
2024-04-21,East,Product A,99,2179.58
2024-04-21,East,Product B,138,3981.21
2024-04-21,East,Product C,97,2181.06
2024-04-21,West,Product A,91,4055.05
2024-04-21,West,Product B,91,1855.41
2024-04-21,West,Product C,133,6231.73
2024-04-22,North,Product A,97,2870.11
2024-04-22,North,Product B,92,3638.78
2024-04-22,North,Product C,110,2702.37
2024-04-22,South,Product A,89,3532.61
2024-04-22,South,Product B,132,5598.26
2024-04-22,South,Product C,125,3973.13
2024-04-22,East,Product A,91,3732.33
2024-04-22,East,Product B,81,2442.91
2024-04-22,East,Product C,105,4665.43
2024-04-22,West,Product A,100,4806.15
2024-04-22,West,Product B,123,3132.43
2024-04-22,West,Product C,138,5922.39
2024-04-23,North,Product A,144,5069.42
2024-04-23,North,Product B,115,5682.3
2024-04-23,North,Product C,114,4230.04
2024-04-23,South,Product A,101,3033.54
2024-04-23,South,Product B,111,3430.41
2024-04-23,South,Product C,122,3281.56
2024-04-23,East,Product A,113,3346.16
2024-04-23,East,Product B,150,6487.6
2024-04-23,East,Product C,87,3953.7
2024-04-23,West,Product A,110,3319.15
2024-04-23,West,Product B,125,6153.94
2024-04-23,West,Product C,141,4818.8
2024-04-24,North,Product A,122,5799.58
2024-04-24,North,Product B,109,2718.2
2024-04-24,North,Product C,138,4269.86
2024-04-24,South,Product A,81,1622.59
2024-04-24,South,Product B,94,3070.24
2024-04-24,South,Product C,141,5401.02
2024-04-24,East,Product A,121,4695.59
2024-04-24,East,Product B,143,5603.83
2024-04-24,East,Product C,85,3952.56
2024-04-24,West,Product A,81,1787.44
2024-04-24,West,Product B,111,3709.28
2024-04-24,West,Product C,87,4274.56
2024-04-25,North,Product A,140,3561.17
2024-04-25,North,Product B,92,2154.61
2024-04-25,North,Product C,73,3551.1
2024-04-25,South,Product A,143,4508.78
2024-04-25,South,Product B,99,4087.88
2024-04-25,South,Product C,111,5192.62
2024-04-25,East,Product A,94,4037.96
2024-04-25,East,Product B,91,4334.79
2024-04-25,East,Product C,129,4277.32
2024-04-25,West,Product A,83,3121.84
2024-04-25,West,Product B,112,4659.93
2024-04-25,West,Product C,108,2474.49
2024-04-26,North,Product A,109,4269.58
2024-04-26,North,Product B,105,4897.84
2024-04-26,North,Product C,125,3651.68
2024-04-26,South,Product A,77,3046.58
2024-04-26,South,Product B,114,4804.69
2024-04-26,South,Product C,89,2720.1
2024-04-26,East,Product A,119,5477.33
2024-04-26,East,Product B,131,3897.68
2024-04-26,East,Product C,91,1945.37
2024-04-26,West,Product A,143,6700.64
2024-04-26,West,Product B,105,3723.04
2024-04-26,West,Product C,104,2765.99
2024-04-27,North,Product A,128,3445.28
2024-04-27,North,Product B,128,4978.21
2024-04-27,North,Product C,108,4726.99
2024-04-27,South,Product A,91,1987.4
2024-04-27,South,Product B,102,3336.86
2024-04-27,South,Product C,90,2637.0
2024-04-27,East,Product A,103,3351.89
2024-04-27,East,Product B,122,3137.47
2024-04-27,East,Product C,140,6525.33
2024-04-27,West,Product A,110,5288.52
2024-04-27,West,Product B,141,5191.75
2024-04-27,West,Product C,100,3070.05
2024-04-28,North,Product A,98,4873.64
2024-04-28,North,Product B,99,4012.15
2024-04-28,North,Product C,85,1985.36
2024-04-28,South,Product A,97,3413.03
2024-04-28,South,Product B,90,2230.64
2024-04-28,South,Product C,139,5282.81
2024-04-28,East,Product A,102,4032.65
2024-04-28,East,Product B,108,4088.22
2024-04-28,East,Product C,152,3706.28
2024-04-28,West,Product A,134,5642.7
2024-04-28,West,Product B,112,2677.71
2024-04-28,West,Product C,142,3252.59
2024-04-29,North,Product A,78,3770.9
2024-04-29,North,Product B,154,3920.89
2024-04-29,North,Product C,78,3385.41
2024-04-29,South,Product A,142,7078.22
2024-04-29,South,Product B,116,2963.97
2024-04-29,South,Product C,116,4965.57
2024-04-29,East,Product A,84,2272.22
2024-04-29,East,Product B,113,4066.27
2024-04-29,East,Product C,94,3203.29
2024-04-29,West,Product A,86,4234.93
2024-04-29,West,Product B,125,4001.18
2024-04-29,West,Product C,149,6315.97
2024-04-30,North,Product A,84,3777.01
2024-04-30,North,Product B,124,3001.04
2024-04-30,North,Product C,94,2749.7
2024-04-30,South,Product A,89,1875.42
2024-04-30,South,Product B,137,5354.33
2024-04-30,South,Product C,127,5050.9
2024-04-30,East,Product A,116,3816.66
2024-04-30,East,Product B,93,3881.27
2024-04-30,East,Product C,107,2455.75
2024-04-30,West,Product A,81,3994.23
2024-04-30,West,Product B,136,4949.62
2024-04-30,West,Product C,143,4634.23
2024-05-01,North,Product A,93,3964.09
2024-05-01,North,Product B,120,4692.07
2024-05-01,North,Product C,133,5838.09
2024-05-01,South,Product A,107,3980.38
2024-05-01,South,Product B,134,3582.75
2024-05-01,South,Product C,153,7572.69
2024-05-01,East,Product A,130,2890.02
2024-05-01,East,Product B,142,5754.07
2024-05-01,East,Product C,104,3647.99
2024-05-01,West,Product A,127,3857.18
2024-05-01,West,Product B,127,4180.09
2024-05-01,West,Product C,136,4964.28
2024-05-02,North,Product A,130,2842.04
2024-05-02,North,Product B,126,3227.02
2024-05-02,North,Product C,92,3193.12
2024-05-02,South,Product A,80,3295.1
2024-05-02,South,Product B,133,3233.76
2024-05-02,South,Product C,90,2925.37
2024-05-02,East,Product A,120,3416.83
2024-05-02,East,Product B,129,2678.81
2024-05-02,East,Product C,136,4499.35
2024-05-02,West,Product A,128,6137.98
2024-05-02,West,Product B,94,2932.32
2024-05-02,West,Product C,102,2470.63
2024-05-03,North,Product A,131,4459.41
2024-05-03,North,Product B,112,3913.58
2024-05-03,North,Product C,105,2697.53
2024-05-03,South,Product A,116,3061.22
2024-05-03,South,Product B,129,6180.69
2024-05-03,South,Product C,111,5023.53
2024-05-03,East,Product A,125,4444.55
2024-05-03,East,Product B,81,3175.01
2024-05-03,East,Product C,88,4332.7
2024-05-03,West,Product A,107,4411.58
2024-05-03,West,Product B,116,4196.14
2024-05-03,West,Product C,137,3627.85
2024-05-04,North,Product A,130,3980.79
2024-05-04,North,Product B,129,5483.21
2024-05-04,North,Product C,148,4825.42
2024-05-04,South,Product A,155,3398.02
2024-05-04,South,Product B,104,4800.31
2024-05-04,South,Product C,85,3442.61
2024-05-04,East,Product A,119,4749.18
2024-05-04,East,Product B,118,3343.4
2024-05-04,East,Product C,151,4121.7
2024-05-04,West,Product A,91,3931.83
2024-05-04,West,Product B,96,3366.71
2024-05-04,West,Product C,119,2460.69
2024-05-05,North,Product A,115,2577.84
2024-05-05,North,Product B,78,3081.08
2024-05-05,North,Product C,91,2527.86
2024-05-05,South,Product A,124,5398.98
2024-05-05,South,Product B,149,4935.95
2024-05-05,South,Product C,123,3046.71
2024-05-05,East,Product A,85,3742.5
2024-05-05,East,Product B,129,6384.34
2024-05-05,East,Product C,114,4491.82
2024-05-05,West,Product A,122,2953.92
2024-05-05,West,Product B,78,3228.25
2024-05-05,West,Product C,129,2786.27
2024-05-06,North,Product A,93,3086.43
2024-05-06,North,Product B,143,3221.35
2024-05-06,North,Product C,93,3398.59
2024-05-06,South,Product A,128,5271.73
2024-05-06,South,Product B,92,3365.69
2024-05-06,South,Product C,94,2706.49
2024-05-06,East,Product A,102,2707.08
2024-05-06,East,Product B,124,4052.06
2024-05-06,East,Product C,93,2475.68
2024-05-06,West,Product A,124,5081.6
2024-05-06,West,Product B,138,3766.1
2024-05-06,West,Product C,153,5147.14
2024-05-07,North,Product A,96,4068.46
2024-05-07,North,Product B,111,3964.34
2024-05-07,North,Product C,122,3043.58
2024-05-07,South,Product A,94,2228.07
2024-05-07,South,Product B,115,4357.61
2024-05-07,South,Product C,116,2514.39
2024-05-07,East,Product A,112,2960.17
2024-05-07,East,Product B,88,3745.75
2024-05-07,East,Product C,117,3577.08
2024-05-07,West,Product A,111,4473.73
2024-05-07,West,Product B,105,4251.79
2024-05-07,West,Product C,97,2116.84
2024-05-08,North,Product A,112,5343.28
2024-05-08,North,Product B,134,6296.54
2024-05-08,North,Product C,139,5578.53
2024-05-08,South,Product A,133,5439.51
2024-05-08,South,Product B,148,6902.58
2024-05-08,South,Product C,110,4929.46
2024-05-08,East,Product A,99,2815.26
2024-05-08,East,Product B,110,5433.11
2024-05-08,East,Product C,117,5346.51
2024-05-08,West,Product A,141,3416.26
2024-05-08,West,Product B,96,2289.31
2024-05-08,West,Product C,94,2365.71
2024-05-09,North,Product A,106,3163.58
2024-05-09,North,Product B,143,3794.62
2024-05-09,North,Product C,108,2178.52
2024-05-09,South,Product A,120,5083.53
2024-05-09,South,Product B,109,3426.72
2024-05-09,South,Product C,97,4552.32
2024-05-09,East,Product A,156,6206.23
2024-05-09,East,Product B,131,6541.26
2024-05-09,East,Product C,114,5245.98
2024-05-09,West,Product A,94,3459.6
2024-05-09,West,Product B,105,4088.84
2024-05-09,West,Product C,95,2315.64
2024-05-10,North,Product A,105,3509.65
2024-05-10,North,Product B,107,4009.24
2024-05-10,North,Product C,96,2273.03
2024-05-10,South,Product A,96,2330.65
2024-05-10,South,Product B,89,3027.89
2024-05-10,South,Product C,115,4295.19
2024-05-10,East,Product A,96,4432.71
2024-05-10,East,Product B,144,5203.5
2024-05-10,East,Product C,129,6237.29
2024-05-10,West,Product A,111,4415.12
2024-05-10,West,Product B,123,2542.8
2024-05-10,West,Product C,141,5769.65
2024-05-11,North,Product A,89,4278.31
2024-05-11,North,Product B,115,3935.9
2024-05-11,North,Product C,148,4875.07
2024-05-11,South,Product A,89,2256.13
2024-05-11,South,Product B,95,4143.39
2024-05-11,South,Product C,102,2299.02
2024-05-11,East,Product A,123,4225.6
2024-05-11,East,Product B,100,2201.96
2024-05-11,East,Product C,103,4634.78
2024-05-11,West,Product A,110,2595.47
2024-05-11,West,Product B,88,4002.83
2024-05-11,West,Product C,88,2764.61
2024-05-12,North,Product A,78,2591.44
2024-05-12,North,Product B,85,3550.44
2024-05-12,North,Product C,127,4544.44
2024-05-12,South,Product A,93,2418.57
2024-05-12,South,Product B,126,5627.53
2024-05-12,South,Product C,100,3697.29
2024-05-12,East,Product A,149,4309.91
2024-05-12,East,Product B,123,2881.57
2024-05-12,East,Product C,102,4773.3
2024-05-12,West,Product A,130,3660.05
2024-05-12,West,Product B,139,5136.17
2024-05-12,West,Product C,127,6288.0
2024-05-13,North,Product A,124,4290.89
2024-05-13,North,Product B,123,6147.98
2024-05-13,North,Product C,87,1829.81
2024-05-13,South,Product A,134,3027.74
2024-05-13,South,Product B,116,4707.4
2024-05-13,South,Product C,140,5435.68
2024-05-13,East,Product A,96,4564.75
2024-05-13,East,Product B,127,5131.86
2024-05-13,East,Product C,80,1809.51
2024-05-13,West,Product A,99,2484.63
2024-05-13,West,Product B,100,2960.24
2024-05-13,West,Product C,141,4590.05
2024-05-14,North,Product A,150,5844.75
2024-05-14,North,Product B,125,5206.02
2024-05-14,North,Product C,120,5250.78
2024-05-14,South,Product A,90,3109.53
2024-05-14,South,Product B,136,5025.28
2024-05-14,South,Product C,139,6286.51
2024-05-14,East,Product A,119,5460.25
2024-05-14,East,Product B,107,3247.7
2024-05-14,East,Product C,148,3517.92
2024-05-14,West,Product A,91,3130.61
2024-05-14,West,Product B,103,2380.81
2024-05-14,West,Product C,109,4565.95
2024-05-15,North,Product A,121,3145.92
2024-05-15,North,Product B,83,2401.65
2024-05-15,North,Product C,118,3411.59
2024-05-15,South,Product A,121,3811.88
2024-05-15,South,Product B,151,4487.48
2024-05-15,South,Product C,110,3973.25
2024-05-15,East,Product A,131,6112.18
2024-05-15,East,Product B,138,6384.88
2024-05-15,East,Product C,112,5596.91
2024-05-15,West,Product A,114,3033.04
2024-05-15,West,Product B,92,3167.95
2024-05-15,West,Product C,118,3722.14
2024-05-16,North,Product A,122,4236.84
2024-05-16,North,Product B,147,5039.86
2024-05-16,North,Product C,141,3568.49
2024-05-16,South,Product A,91,3889.72
2024-05-16,South,Product B,87,3070.73
2024-05-16,South,Product C,133,4969.04
2024-05-16,East,Product A,85,2388.2
2024-05-16,East,Product B,130,3673.48
2024-05-16,East,Product C,122,3671.97
2024-05-16,West,Product A,117,4298.83
2024-05-16,West,Product B,121,5066.78
2024-05-16,West,Product C,79,2976.83
2024-05-17,North,Product A,101,3511.22
2024-05-17,North,Product B,151,6105.1
2024-05-17,North,Product C,87,2659.56
2024-05-17,South,Product A,82,2334.59
2024-05-17,South,Product B,131,2815.81
2024-05-17,South,Product C,132,3782.07
2024-05-17,East,Product A,106,3119.44
2024-05-17,East,Product B,119,4504.91
2024-05-17,East,Product C,90,3000.65
2024-05-17,West,Product A,82,3239.68
2024-05-17,West,Product B,103,4454.37
2024-05-17,West,Product C,88,3668.73
2024-05-18,North,Product A,129,4789.95
2024-05-18,North,Product B,106,2341.08
2024-05-18,North,Product C,86,3836.63
2024-05-18,South,Product A,122,6039.38
2024-05-18,South,Product B,147,5743.85
2024-05-18,South,Product C,144,3335.56
2024-05-18,East,Product A,125,4687.48
2024-05-18,East,Product B,106,2346.83
2024-05-18,East,Product C,70,2158.27
2024-05-18,West,Product A,107,3092.12
2024-05-18,West,Product B,108,5248.59
2024-05-18,West,Product C,120,2495.87
2024-05-19,North,Product A,88,2130.48
2024-05-19,North,Product B,91,4534.43
2024-05-19,North,Product C,91,2785.24
2024-05-19,South,Product A,90,3956.18
2024-05-19,South,Product B,144,4403.73
2024-05-19,South,Product C,119,2619.82
2024-05-19,East,Product A,124,4796.3
2024-05-19,East,Product B,116,4507.53
2024-05-19,East,Product C,144,4175.45
2024-05-19,West,Product A,124,4351.35
2024-05-19,West,Product B,104,3129.31
2024-05-19,West,Product C,153,3429.8
2024-05-20,North,Product A,128,3218.48
2024-05-20,North,Product B,124,4345.56
2024-05-20,North,Product C,135,4038.85
2024-05-20,South,Product A,129,5561.93
2024-05-20,South,Product B,87,3876.18
2024-05-20,South,Product C,115,5287.96
2024-05-20,East,Product A,142,4130.81
2024-05-20,East,Product B,88,2773.07
2024-05-20,East,Product C,104,2463.34
2024-05-20,West,Product A,76,2816.53
2024-05-20,West,Product B,145,4269.26
2024-05-20,West,Product C,128,4706.55
2024-05-21,North,Product A,105,4503.92
2024-05-21,North,Product B,99,3384.62
2024-05-21,North,Product C,110,3678.23
2024-05-21,South,Product A,100,4854.31
2024-05-21,South,Product B,132,4481.19
2024-05-21,South,Product C,84,3129.4
2024-05-21,East,Product A,117,5429.14
2024-05-21,East,Product B,138,6321.44
2024-05-21,East,Product C,107,3088.72
2024-05-21,West,Product A,151,6077.64
2024-05-21,West,Product B,131,2685.73
2024-05-21,West,Product C,83,2468.74
2024-05-22,North,Product A,97,4559.27
2024-05-22,North,Product B,105,4316.29
2024-05-22,North,Product C,147,6825.61
2024-05-22,South,Product A,92,3765.36
2024-05-22,South,Product B,98,4073.06
2024-05-22,South,Product C,137,4521.03
2024-05-22,East,Product A,104,2486.66
2024-05-22,East,Product B,98,3688.28
2024-05-22,East,Product C,110,4632.98
2024-05-22,West,Product A,87,3824.13
2024-05-22,West,Product B,98,2353.44
2024-05-22,West,Product C,77,2561.83
2024-05-23,North,Product A,146,5172.53
2024-05-23,North,Product B,138,4060.57
2024-05-23,North,Product C,136,5387.01
2024-05-23,South,Product A,72,3175.7
2024-05-23,South,Product B,109,2558.93
2024-05-23,South,Product C,96,4512.61
2024-05-23,East,Product A,135,2880.69
2024-05-23,East,Product B,111,3865.67
2024-05-23,East,Product C,134,6589.77
2024-05-23,West,Product A,88,4230.42
2024-05-23,West,Product B,126,3362.39
2024-05-23,West,Product C,112,2718.35
2024-05-24,North,Product A,90,3703.42
2024-05-24,North,Product B,90,4376.39
2024-05-24,North,Product C,122,4517.61
2024-05-24,South,Product A,100,4357.0
2024-05-24,South,Product B,96,2598.2
2024-05-24,South,Product C,71,2083.89
2024-05-24,East,Product A,147,6951.58
2024-05-24,East,Product B,144,2905.84
2024-05-24,East,Product C,140,3101.54
2024-05-24,West,Product A,84,1739.5
2024-05-24,West,Product B,141,2834.23
2024-05-24,West,Product C,101,3212.05
2024-05-25,North,Product A,144,6428.68
2024-05-25,North,Product B,122,5096.21
2024-05-25,North,Product C,109,5407.39
2024-05-25,South,Product A,144,2935.96
2024-05-25,South,Product B,78,2078.69
2024-05-25,South,Product C,102,2433.78
2024-05-25,East,Product A,135,3475.19
2024-05-25,East,Product B,136,4347.79
2024-05-25,East,Product C,93,2180.77
2024-05-25,West,Product A,105,2831.84
2024-05-25,West,Product B,80,3767.71
2024-05-25,West,Product C,114,4604.01
2024-05-26,North,Product A,142,4521.52
2024-05-26,North,Product B,123,3896.32
2024-05-26,North,Product C,115,2306.16
2024-05-26,South,Product A,107,2591.31
2024-05-26,South,Product B,103,3936.54
2024-05-26,South,Product C,96,3680.3
2024-05-26,East,Product A,141,6677.59
2024-05-26,East,Product B,140,3531.81
2024-05-26,East,Product C,140,4247.58
2024-05-26,West,Product A,116,5149.66
2024-05-26,West,Product B,122,3943.75
2024-05-26,West,Product C,135,4351.47
2024-05-27,North,Product A,138,5000.54
2024-05-27,North,Product B,93,3039.43
2024-05-27,North,Product C,148,4634.79
2024-05-27,South,Product A,135,5889.13
2024-05-27,South,Product B,121,4198.71
2024-05-27,South,Product C,95,2315.58
2024-05-27,East,Product A,149,4369.12
2024-05-27,East,Product B,130,6332.18
2024-05-27,East,Product C,86,2478.15
2024-05-27,West,Product A,136,4179.94
2024-05-27,West,Product B,107,3532.52
2024-05-27,West,Product C,98,2145.04
2024-05-28,North,Product A,100,4743.73
2024-05-28,North,Product B,87,2332.28
2024-05-28,North,Product C,122,4988.88
2024-05-28,South,Product A,141,4676.22
2024-05-28,South,Product B,91,3356.95
2024-05-28,South,Product C,90,4240.06
2024-05-28,East,Product A,95,2795.35
2024-05-28,East,Product B,82,3702.53
2024-05-28,East,Product C,134,4105.8
2024-05-28,West,Product A,128,2968.86
2024-05-28,West,Product B,82,3487.09
2024-05-28,West,Product C,140,3454.39
2024-05-29,North,Product A,133,5137.95
2024-05-29,North,Product B,131,4077.31
2024-05-29,North,Product C,107,3584.0
2024-05-29,South,Product A,92,3578.9
2024-05-29,South,Product B,84,2356.0
2024-05-29,South,Product C,99,3637.96
2024-05-29,East,Product A,124,2820.97
2024-05-29,East,Product B,143,2930.28
2024-05-29,East,Product C,112,5126.52
2024-05-29,West,Product A,124,5610.52
2024-05-29,West,Product B,73,1847.52
2024-05-29,West,Product C,82,4026.31
2024-05-30,North,Product A,115,4280.96
2024-05-30,North,Product B,132,4062.62
2024-05-30,North,Product C,94,2832.11
2024-05-30,South,Product A,92,4056.45
2024-05-30,South,Product B,117,4092.04
2024-05-30,South,Product C,137,3654.51
2024-05-30,East,Product A,145,4027.65
2024-05-30,East,Product B,103,4620.77
2024-05-30,East,Product C,118,4633.6
2024-05-30,West,Product A,102,2466.35
2024-05-30,West,Product B,137,2773.71
2024-05-30,West,Product C,96,3768.45
2024-05-31,North,Product A,86,2176.46
2024-05-31,North,Product B,80,2969.53
2024-05-31,North,Product C,114,3609.19
2024-05-31,South,Product A,83,4130.66
2024-05-31,South,Product B,118,5485.46
2024-05-31,South,Product C,104,4411.8
2024-05-31,East,Product A,128,3613.48
2024-05-31,East,Product B,100,4555.23
2024-05-31,East,Product C,132,3559.77
2024-05-31,West,Product A,150,5518.14
2024-05-31,West,Product B,149,3151.35
2024-05-31,West,Product C,108,4873.93
2024-06-01,North,Product A,95,4720.2
2024-06-01,North,Product B,136,5055.55
2024-06-01,North,Product C,125,4280.89
2024-06-01,South,Product A,86,3270.41
2024-06-01,South,Product B,99,3084.44
2024-06-01,South,Product C,101,3879.72
2024-06-01,East,Product A,145,5392.8
2024-06-01,East,Product B,149,6874.66
2024-06-01,East,Product C,122,5004.75
2024-06-01,West,Product A,147,3580.31
2024-06-01,West,Product B,99,2090.05
2024-06-01,West,Product C,137,2950.28
2024-06-02,North,Product A,139,6301.79
2024-06-02,North,Product B,101,4232.44
2024-06-02,North,Product C,103,4714.91
2024-06-02,South,Product A,97,2128.74
2024-06-02,South,Product B,149,3607.18
2024-06-02,South,Product C,138,4535.09
2024-06-02,East,Product A,96,1949.72
2024-06-02,East,Product B,131,6539.92
2024-06-02,East,Product C,125,4391.81
2024-06-02,West,Product A,96,2011.52
2024-06-02,West,Product B,86,2998.23
2024-06-02,West,Product C,89,2897.2
2024-06-03,North,Product A,144,5233.3
2024-06-03,North,Product B,130,4973.85
2024-06-03,North,Product C,90,2982.49
2024-06-03,South,Product A,99,3940.69
2024-06-03,South,Product B,104,3731.73
2024-06-03,South,Product C,116,2775.44
2024-06-03,East,Product A,150,7143.91
2024-06-03,East,Product B,81,3590.34
2024-06-03,East,Product C,105,4627.15
2024-06-03,West,Product A,98,4726.02
2024-06-03,West,Product B,101,3894.05
2024-06-03,West,Product C,128,4015.63
2024-06-04,North,Product A,112,2360.3
2024-06-04,North,Product B,134,6176.11
2024-06-04,North,Product C,124,2743.53
2024-06-04,South,Product A,71,1888.75
2024-06-04,South,Product B,140,6379.98
2024-06-04,South,Product C,129,5506.58
2024-06-04,East,Product A,134,3589.22
2024-06-04,East,Product B,136,3526.82
2024-06-04,East,Product C,146,7214.05
2024-06-04,West,Product A,82,3066.08
2024-06-04,West,Product B,106,3713.89
2024-06-04,West,Product C,129,3116.44
2024-06-05,North,Product A,151,4098.26
2024-06-05,North,Product B,144,4707.61
2024-06-05,North,Product C,136,3582.62
2024-06-05,South,Product A,152,4214.01
2024-06-05,South,Product B,146,3597.78
2024-06-05,South,Product C,87,3608.15
2024-06-05,East,Product A,127,4860.08
2024-06-05,East,Product B,80,2071.7
2024-06-05,East,Product C,110,4186.93
2024-06-05,West,Product A,85,3996.56
2024-06-05,West,Product B,83,3484.68
2024-06-05,West,Product C,86,2417.22
2024-06-06,North,Product A,101,4280.5
2024-06-06,North,Product B,122,3643.8
2024-06-06,North,Product C,134,4239.58
2024-06-06,South,Product A,90,1814.5
2024-06-06,South,Product B,152,6705.72
2024-06-06,South,Product C,140,6846.06
2024-06-06,East,Product A,137,6560.33
2024-06-06,East,Product B,111,3922.61
2024-06-06,East,Product C,140,6823.0
2024-06-06,West,Product A,95,2776.45
2024-06-06,West,Product B,112,2759.49
2024-06-06,West,Product C,137,3108.83
2024-06-07,North,Product A,151,6238.43
2024-06-07,North,Product B,101,3405.38
2024-06-07,North,Product C,80,2674.88
2024-06-07,South,Product A,150,4486.58
2024-06-07,South,Product B,101,3469.91
2024-06-07,South,Product C,154,5528.09
2024-06-07,East,Product A,121,4438.26
2024-06-07,East,Product B,90,3810.23
2024-06-07,East,Product C,138,6399.49
2024-06-07,West,Product A,148,6056.07
2024-06-07,West,Product B,128,4110.29
2024-06-07,West,Product C,105,5022.56
2024-06-08,North,Product A,91,3400.14
2024-06-08,North,Product B,147,4272.75
2024-06-08,North,Product C,118,2957.98
2024-06-08,South,Product A,114,3518.11
2024-06-08,South,Product B,86,3722.46
2024-06-08,South,Product C,140,5203.65
2024-06-08,East,Product A,108,2886.97
2024-06-08,East,Product B,98,3634.67
2024-06-08,East,Product C,141,5210.08
2024-06-08,West,Product A,115,4140.17
2024-06-08,West,Product B,109,4850.34
2024-06-08,West,Product C,115,4958.25
2024-06-09,North,Product A,124,3900.83
2024-06-09,North,Product B,91,3750.89
2024-06-09,North,Product C,125,2548.51
2024-06-09,South,Product A,101,2177.29
2024-06-09,South,Product B,136,6011.66
2024-06-09,South,Product C,150,6644.36
2024-06-09,East,Product A,96,3349.52
2024-06-09,East,Product B,106,4280.4
2024-06-09,East,Product C,112,3458.52
2024-06-09,West,Product A,128,5755.62
2024-06-09,West,Product B,83,2514.51
2024-06-09,West,Product C,80,2471.45
2024-06-10,North,Product A,124,3908.99
2024-06-10,North,Product B,113,4282.94
2024-06-10,North,Product C,132,3685.66
2024-06-10,South,Product A,108,2671.25
2024-06-10,South,Product B,120,2765.54
2024-06-10,South,Product C,154,5598.57
2024-06-10,East,Product A,84,3272.02
2024-06-10,East,Product B,120,3983.42
2024-06-10,East,Product C,90,3546.61
2024-06-10,West,Product A,142,6831.45
2024-06-10,West,Product B,118,2899.94
2024-06-10,West,Product C,105,2941.7
2024-06-11,North,Product A,143,7121.18
2024-06-11,North,Product B,83,3285.01
2024-06-11,North,Product C,130,3876.71
2024-06-11,South,Product A,106,5204.23
2024-06-11,South,Product B,140,5407.67
2024-06-11,South,Product C,119,4090.36
2024-06-11,East,Product A,100,3638.26
2024-06-11,East,Product B,130,2892.99
2024-06-11,East,Product C,89,4311.0
2024-06-11,West,Product A,90,3937.11
2024-06-11,West,Product B,141,6160.28
2024-06-11,West,Product C,121,5636.25
2024-06-12,North,Product A,135,4654.6
2024-06-12,North,Product B,89,1926.01
2024-06-12,North,Product C,120,4859.71
2024-06-12,South,Product A,80,3619.42
2024-06-12,South,Product B,96,4260.41
2024-06-12,South,Product C,140,4744.67
2024-06-12,East,Product A,78,3457.33
2024-06-12,East,Product B,107,4676.17
2024-06-12,East,Product C,122,4767.9
2024-06-12,West,Product A,140,5290.38
2024-06-12,West,Product B,104,2437.44
2024-06-12,West,Product C,104,4874.02
2024-06-13,North,Product A,123,3964.28
2024-06-13,North,Product B,98,3446.09
2024-06-13,North,Product C,91,3428.22
2024-06-13,South,Product A,119,5213.33
2024-06-13,South,Product B,93,2820.17
2024-06-13,South,Product C,117,4088.03
2024-06-13,East,Product A,133,4167.95
2024-06-13,East,Product B,113,4589.98
2024-06-13,East,Product C,131,2950.89
2024-06-13,West,Product A,85,2922.53
2024-06-13,West,Product B,133,3243.38
2024-06-13,West,Product C,142,4524.84
2024-06-14,North,Product A,117,3652.78
2024-06-14,North,Product B,82,2753.5
2024-06-14,North,Product C,149,3471.64
2024-06-14,South,Product A,116,5752.17
2024-06-14,South,Product B,92,3704.87
2024-06-14,South,Product C,114,4431.52
2024-06-14,East,Product A,100,2706.6
2024-06-14,East,Product B,129,6064.02
2024-06-14,East,Product C,133,5836.54
2024-06-14,West,Product A,141,5722.3
2024-06-14,West,Product B,141,3836.49
2024-06-14,West,Product C,130,5382.4
2024-06-15,North,Product A,131,3448.65
2024-06-15,North,Product B,111,3941.19
2024-06-15,North,Product C,105,2879.87
2024-06-15,South,Product A,102,2236.71
2024-06-15,South,Product B,130,4585.24
2024-06-15,South,Product C,143,3344.72
2024-06-15,East,Product A,86,3613.27
2024-06-15,East,Product B,77,1973.99
2024-06-15,East,Product C,90,2091.99
2024-06-15,West,Product A,91,3813.36
2024-06-15,West,Product B,91,3362.52
2024-06-15,West,Product C,133,2945.64
2024-06-16,North,Product A,94,4266.67
2024-06-16,North,Product B,101,3485.21
2024-06-16,North,Product C,120,4172.21
2024-06-16,South,Product A,114,5491.16
2024-06-16,South,Product B,138,3689.08
2024-06-16,South,Product C,89,1936.29
2024-06-16,East,Product A,128,5823.06
2024-06-16,East,Product B,80,3791.48
2024-06-16,East,Product C,152,4994.17
2024-06-16,West,Product A,116,4896.89
2024-06-16,West,Product B,114,5058.15
2024-06-16,West,Product C,125,6211.07
2024-06-17,North,Product A,119,4190.24
2024-06-17,North,Product B,122,5405.18
2024-06-17,North,Product C,106,2136.28
2024-06-17,South,Product A,136,3676.1
2024-06-17,South,Product B,148,4469.5
2024-06-17,South,Product C,144,6911.0
2024-06-17,East,Product A,119,5081.32
2024-06-17,East,Product B,131,5961.17
2024-06-17,East,Product C,121,2577.52
2024-06-17,West,Product A,109,5282.31
2024-06-17,West,Product B,106,4408.71
2024-06-17,West,Product C,91,2909.4
2024-06-18,North,Product A,92,2876.01
2024-06-18,North,Product B,117,2621.61
2024-06-18,North,Product C,87,3023.56
2024-06-18,South,Product A,98,3691.43
2024-06-18,South,Product B,131,4518.51
2024-06-18,South,Product C,143,4134.92
2024-06-18,East,Product A,126,2802.52
2024-06-18,East,Product B,132,3277.16
2024-06-18,East,Product C,116,4170.82
2024-06-18,West,Product A,86,3390.36
2024-06-18,West,Product B,144,6165.99
2024-06-18,West,Product C,89,3388.58
2024-06-19,North,Product A,88,2588.01
2024-06-19,North,Product B,137,3774.49
2024-06-19,North,Product C,136,5677.57
2024-06-19,South,Product A,125,3605.43
2024-06-19,South,Product B,125,3303.95
2024-06-19,South,Product C,102,4855.32
2024-06-19,East,Product A,124,6099.5
2024-06-19,East,Product B,133,3730.93
2024-06-19,East,Product C,120,5205.0
2024-06-19,West,Product A,108,2725.76
2024-06-19,West,Product B,103,3222.09
2024-06-19,West,Product C,99,2806.74
2024-06-20,North,Product A,153,5037.52
2024-06-20,North,Product B,116,3647.68
2024-06-20,North,Product C,139,4933.18
2024-06-20,South,Product A,111,3018.72
2024-06-20,South,Product B,104,5142.51
2024-06-20,South,Product C,99,3277.76
2024-06-20,East,Product A,80,3482.51
2024-06-20,East,Product B,109,2949.71
2024-06-20,East,Product C,134,3694.24
2024-06-20,West,Product A,116,5709.54
2024-06-20,West,Product B,117,4178.73
2024-06-20,West,Product C,101,3009.87
2024-06-21,North,Product A,82,3196.49
2024-06-21,North,Product B,102,3368.54
2024-06-21,North,Product C,99,3404.27
2024-06-21,South,Product A,137,4509.49
2024-06-21,South,Product B,120,5470.89
2024-06-21,South,Product C,122,3711.42
2024-06-21,East,Product A,94,2045.04
2024-06-21,East,Product B,140,3291.22
2024-06-21,East,Product C,106,2915.9
2024-06-21,West,Product A,120,5703.14
2024-06-21,West,Product B,110,2769.87
2024-06-21,West,Product C,139,2792.61
2024-06-22,North,Product A,97,2754.12
2024-06-22,North,Product B,119,3659.44
2024-06-22,North,Product C,96,2094.92
2024-06-22,South,Product A,110,2289.19
2024-06-22,South,Product B,140,3977.17
2024-06-22,South,Product C,104,3103.38
2024-06-22,East,Product A,81,3960.02
2024-06-22,East,Product B,133,5367.01
2024-06-22,East,Product C,97,2718.86
2024-06-22,West,Product A,141,6354.35
2024-06-22,West,Product B,139,4195.85
2024-06-22,West,Product C,106,3737.81
2024-06-23,North,Product A,111,2455.63
2024-06-23,North,Product B,106,3018.61
2024-06-23,North,Product C,127,5892.66
2024-06-23,South,Product A,135,4980.23
2024-06-23,South,Product B,112,4677.91
2024-06-23,South,Product C,112,4118.86
2024-06-23,East,Product A,124,5080.53
2024-06-23,East,Product B,126,4467.72
2024-06-23,East,Product C,128,4030.3
2024-06-23,West,Product A,114,3206.75
2024-06-23,West,Product B,89,4293.29
2024-06-23,West,Product C,133,2961.73
2024-06-24,North,Product A,123,4782.94
2024-06-24,North,Product B,147,4119.28
2024-06-24,North,Product C,126,4015.79
2024-06-24,South,Product A,99,3157.48
2024-06-24,South,Product B,133,4778.01
2024-06-24,South,Product C,80,3130.47
2024-06-24,East,Product A,130,6350.21
2024-06-24,East,Product B,144,4226.19
2024-06-24,East,Product C,144,5747.82
2024-06-24,West,Product A,80,3399.3
2024-06-24,West,Product B,121,5062.99
2024-06-24,West,Product C,95,4094.94
2024-06-25,North,Product A,120,3562.45
2024-06-25,North,Product B,84,2991.19
2024-06-25,North,Product C,128,3249.46
2024-06-25,South,Product A,96,3967.23
2024-06-25,South,Product B,80,3533.22
2024-06-25,South,Product C,88,1933.75
2024-06-25,East,Product A,114,3138.48
2024-06-25,East,Product B,75,2510.71
2024-06-25,East,Product C,135,6591.19
2024-06-25,West,Product A,82,3769.61
2024-06-25,West,Product B,81,2480.17
2024-06-25,West,Product C,93,2375.32
2024-06-26,North,Product A,115,2919.84
2024-06-26,North,Product B,88,3793.83
2024-06-26,North,Product C,111,4413.69
2024-06-26,South,Product A,99,2713.85
2024-06-26,South,Product B,106,4538.33
2024-06-26,South,Product C,121,3521.59
2024-06-26,East,Product A,82,1927.5
2024-06-26,East,Product B,86,4038.59
2024-06-26,East,Product C,98,3639.03
2024-06-26,West,Product A,132,5800.53
2024-06-26,West,Product B,129,3460.14
2024-06-26,West,Product C,137,4231.48
2024-06-27,North,Product A,132,4650.68
2024-06-27,North,Product B,149,4283.56
2024-06-27,North,Product C,142,3884.55
2024-06-27,South,Product A,121,3585.05
2024-06-27,South,Product B,82,3176.75
2024-06-27,South,Product C,104,2450.58
2024-06-27,East,Product A,113,3015.67
2024-06-27,East,Product B,156,7157.99
2024-06-27,East,Product C,125,5692.45
2024-06-27,West,Product A,123,3838.53
2024-06-27,West,Product B,145,3227.9
2024-06-27,West,Product C,152,6935.21
2024-06-28,North,Product A,108,3296.78
2024-06-28,North,Product B,135,6683.0
2024-06-28,North,Product C,105,2631.08
2024-06-28,South,Product A,145,3978.83
2024-06-28,South,Product B,146,7212.87
2024-06-28,South,Product C,150,3809.13
2024-06-28,East,Product A,115,4857.97
2024-06-28,East,Product B,120,5258.46
2024-06-28,East,Product C,113,3192.79
2024-06-28,West,Product A,127,3465.58
2024-06-28,West,Product B,92,4379.3
2024-06-28,West,Product C,150,6982.83
2024-06-29,North,Product A,107,2644.21
2024-06-29,North,Product B,141,4640.71
2024-06-29,North,Product C,113,3615.75
2024-06-29,South,Product A,149,5046.62
2024-06-29,South,Product B,123,4329.67
2024-06-29,South,Product C,103,2116.69
2024-06-29,East,Product A,122,4740.82
2024-06-29,East,Product B,105,2156.92
2024-06-29,East,Product C,87,1838.62
2024-06-29,West,Product A,152,7099.58
2024-06-29,West,Product B,95,4725.51
2024-06-29,West,Product C,78,1837.05
2024-06-30,North,Product A,141,4481.05
2024-06-30,North,Product B,96,3572.94
2024-06-30,North,Product C,81,3661.33
2024-06-30,South,Product A,101,2247.93
2024-06-30,South,Product B,92,3076.92
2024-06-30,South,Product C,83,3363.4
2024-06-30,East,Product A,126,4024.24
2024-06-30,East,Product B,109,2324.27
2024-06-30,East,Product C,125,3893.73
2024-06-30,West,Product A,100,2618.5
2024-06-30,West,Product B,118,4833.83
2024-06-30,West,Product C,106,2129.27
2024-07-01,North,Product A,131,5909.68
2024-07-01,North,Product B,90,1987.48
2024-07-01,North,Product C,119,4704.95
2024-07-01,South,Product A,112,4323.16
2024-07-01,South,Product B,92,2736.66
2024-07-01,South,Product C,114,5127.39
2024-07-01,East,Product A,108,4839.96
2024-07-01,East,Product B,99,4212.62
2024-07-01,East,Product C,78,2623.79
2024-07-01,West,Product A,96,2676.35
2024-07-01,West,Product B,107,2533.27
2024-07-01,West,Product C,111,4269.92
2024-07-02,North,Product A,126,5839.66
2024-07-02,North,Product B,155,5714.69
2024-07-02,North,Product C,130,4123.19
2024-07-02,South,Product A,94,3030.33
2024-07-02,South,Product B,89,4020.44
2024-07-02,South,Product C,96,4689.54
2024-07-02,East,Product A,145,4923.56
2024-07-02,East,Product B,104,4683.7
2024-07-02,East,Product C,83,3812.72
2024-07-02,West,Product A,104,4831.39
2024-07-02,West,Product B,81,3432.52
2024-07-02,West,Product C,81,1939.84
2024-07-03,North,Product A,123,4580.08
2024-07-03,North,Product B,128,2591.83
2024-07-03,North,Product C,88,2760.26
2024-07-03,South,Product A,114,2691.0
2024-07-03,South,Product B,89,3090.22
2024-07-03,South,Product C,134,2851.45
2024-07-03,East,Product A,92,3470.27
2024-07-03,East,Product B,98,1962.18
2024-07-03,East,Product C,130,4702.67
2024-07-03,West,Product A,66,2049.35
2024-07-03,West,Product B,104,2824.54
2024-07-03,West,Product C,105,2299.54
2024-07-04,North,Product A,121,3706.94
2024-07-04,North,Product B,131,4446.26
2024-07-04,North,Product C,105,5018.54
2024-07-04,South,Product A,139,3413.15
2024-07-04,South,Product B,106,2453.0
2024-07-04,South,Product C,85,3287.13
2024-07-04,East,Product A,101,2895.23
2024-07-04,East,Product B,123,5197.59
2024-07-04,East,Product C,119,3612.75
2024-07-04,West,Product A,68,2721.28
2024-07-04,West,Product B,70,1401.23
2024-07-04,West,Product C,69,2117.85
2024-07-05,North,Product A,119,4040.58
2024-07-05,North,Product B,133,4682.2
2024-07-05,North,Product C,124,4446.18
2024-07-05,South,Product A,119,2504.9
2024-07-05,South,Product B,134,4264.83
2024-07-05,South,Product C,85,2710.67
2024-07-05,East,Product A,128,6068.5
2024-07-05,East,Product B,82,2122.5
2024-07-05,East,Product C,114,4941.74
2024-07-05,West,Product A,70,2269.18
2024-07-05,West,Product B,83,1700.51
2024-07-05,West,Product C,90,2625.85
2024-07-06,North,Product A,135,5633.82
2024-07-06,North,Product B,124,2867.6
2024-07-06,North,Product C,85,2660.14
2024-07-06,South,Product A,112,4474.41
2024-07-06,South,Product B,99,4709.46
2024-07-06,South,Product C,133,3822.89
2024-07-06,East,Product A,105,3461.91
2024-07-06,East,Product B,96,4765.58
2024-07-06,East,Product C,85,2420.71
2024-07-06,West,Product A,108,2802.44
2024-07-06,West,Product B,83,1755.99
2024-07-06,West,Product C,86,2687.78
2024-07-07,North,Product A,78,3818.73
2024-07-07,North,Product B,95,4222.27
2024-07-07,North,Product C,98,3349.89
2024-07-07,South,Product A,122,3164.4
2024-07-07,South,Product B,150,3173.39
2024-07-07,South,Product C,125,5717.21
2024-07-07,East,Product A,101,2908.73
2024-07-07,East,Product B,101,2288.92
2024-07-07,East,Product C,115,2916.27
2024-07-07,West,Product A,67,2874.27
2024-07-07,West,Product B,82,3587.77
2024-07-07,West,Product C,56,1834.27
2024-07-08,North,Product A,107,5131.33
2024-07-08,North,Product B,120,4023.08
2024-07-08,North,Product C,128,4134.13
2024-07-08,South,Product A,132,4836.87
2024-07-08,South,Product B,128,2964.5
2024-07-08,South,Product C,128,5342.36
2024-07-08,East,Product A,112,4475.63
2024-07-08,East,Product B,149,6073.26
2024-07-08,East,Product C,102,4805.06
2024-07-08,West,Product A,79,1878.73
2024-07-08,West,Product B,70,1464.13
2024-07-08,West,Product C,81,2560.23
2024-07-09,North,Product A,91,4145.51
2024-07-09,North,Product B,90,3078.5
2024-07-09,North,Product C,93,3945.27
2024-07-09,South,Product A,135,4819.28
2024-07-09,South,Product B,141,6869.79
2024-07-09,South,Product C,129,3154.1
2024-07-09,East,Product A,109,3125.01
2024-07-09,East,Product B,74,3691.52
2024-07-09,East,Product C,101,4807.78
2024-07-09,West,Product A,64,2740.8
2024-07-09,West,Product B,103,3268.46
2024-07-09,West,Product C,100,2231.65
2024-07-10,North,Product A,132,4449.12
2024-07-10,North,Product B,91,2430.88
2024-07-10,North,Product C,130,3929.28
2024-07-10,South,Product A,144,3370.85
2024-07-10,South,Product B,96,2035.61
2024-07-10,South,Product C,119,4395.81
2024-07-10,East,Product A,82,3905.25
2024-07-10,East,Product B,128,4545.3
2024-07-10,East,Product C,99,3372.62
2024-07-10,West,Product A,96,2641.43
2024-07-10,West,Product B,120,5321.84
2024-07-10,West,Product C,106,2399.59
2024-07-11,North,Product A,88,2755.2
2024-07-11,North,Product B,114,4641.01
2024-07-11,North,Product C,132,3174.68
2024-07-11,South,Product A,80,2560.14
2024-07-11,South,Product B,131,3367.56
2024-07-11,South,Product C,109,2290.16
2024-07-11,East,Product A,105,3365.31
2024-07-11,East,Product B,98,3087.69
2024-07-11,East,Product C,145,3737.91
2024-07-11,West,Product A,72,3305.04
2024-07-11,West,Product B,86,3397.82
2024-07-11,West,Product C,106,2332.2
2024-07-12,North,Product A,107,2583.4
2024-07-12,North,Product B,114,2563.63
2024-07-12,North,Product C,127,5187.58
2024-07-12,South,Product A,112,2603.59
2024-07-12,South,Product B,89,2044.57
2024-07-12,South,Product C,114,4185.97
2024-07-12,East,Product A,118,5285.4
2024-07-12,East,Product B,107,3532.02
2024-07-12,East,Product C,103,4215.53
2024-07-12,West,Product A,79,3333.36
2024-07-12,West,Product B,96,4180.02
2024-07-12,West,Product C,104,2793.65
2024-07-13,North,Product A,78,2860.03
2024-07-13,North,Product B,144,4982.01
2024-07-13,North,Product C,142,6480.66
2024-07-13,South,Product A,82,3273.11
2024-07-13,South,Product B,127,4102.57
2024-07-13,South,Product C,77,2830.93
2024-07-13,East,Product A,100,2426.48
2024-07-13,East,Product B,125,4947.77
2024-07-13,East,Product C,122,2961.7
2024-07-13,West,Product A,77,3339.92
2024-07-13,West,Product B,87,2855.18
2024-07-13,West,Product C,101,4418.53
2024-07-14,North,Product A,132,4826.29
2024-07-14,North,Product B,98,2554.48
2024-07-14,North,Product C,135,3557.19
2024-07-14,South,Product A,114,5371.03
2024-07-14,South,Product B,145,6552.64
2024-07-14,South,Product C,133,3106.38
2024-07-14,East,Product A,117,2708.23
2024-07-14,East,Product B,90,3386.1
2024-07-14,East,Product C,121,4031.15
2024-07-14,West,Product A,85,1843.34
2024-07-14,West,Product B,84,3456.16
2024-07-14,West,Product C,83,3925.15
2024-07-15,North,Product A,132,5605.72
2024-07-15,North,Product B,106,4900.61
2024-07-15,North,Product C,90,2355.12
2024-07-15,South,Product A,99,4184.12
2024-07-15,South,Product B,125,2532.04
2024-07-15,South,Product C,93,4324.61
2024-07-15,East,Product A,109,4273.94
2024-07-15,East,Product B,151,5294.87
2024-07-15,East,Product C,102,2149.2
2024-07-15,West,Product A,86,4285.31
2024-07-15,West,Product B,81,3861.26
2024-07-15,West,Product C,77,3567.92
2024-07-16,North,Product A,93,4247.82
2024-07-16,North,Product B,112,3030.48
2024-07-16,North,Product C,122,3234.09
2024-07-16,South,Product A,112,3603.68
2024-07-16,South,Product B,124,3503.95
2024-07-16,South,Product C,95,4719.8
2024-07-16,East,Product A,122,3451.65
2024-07-16,East,Product B,119,3769.16
2024-07-16,East,Product C,131,3725.58
2024-07-16,West,Product A,83,3339.81
2024-07-16,West,Product B,95,3431.74
2024-07-16,West,Product C,109,4766.06
2024-07-17,North,Product A,80,3543.84
2024-07-17,North,Product B,140,6802.89
2024-07-17,North,Product C,126,3896.36
2024-07-17,South,Product A,127,3809.53
2024-07-17,South,Product B,139,3077.91
2024-07-17,South,Product C,136,5538.86
2024-07-17,East,Product A,106,4493.15
2024-07-17,East,Product B,96,4146.95
2024-07-17,East,Product C,87,3558.12
2024-07-17,West,Product A,113,3753.01
2024-07-17,West,Product B,107,5005.61
2024-07-17,West,Product C,78,2581.18
2024-07-18,North,Product A,86,3792.78
2024-07-18,North,Product B,136,6085.36
2024-07-18,North,Product C,110,2656.53
2024-07-18,South,Product A,83,3865.95
2024-07-18,South,Product B,97,3898.16
2024-07-18,South,Product C,116,4239.33
2024-07-18,East,Product A,91,3605.74
2024-07-18,East,Product B,140,6432.78
2024-07-18,East,Product C,92,2446.04
2024-07-18,West,Product A,82,3383.24
2024-07-18,West,Product B,108,4371.96
2024-07-18,West,Product C,67,2306.73
2024-07-19,North,Product A,130,5680.54
2024-07-19,North,Product B,122,3697.04
2024-07-19,North,Product C,135,3740.47
2024-07-19,South,Product A,95,2557.72
2024-07-19,South,Product B,130,3930.72
2024-07-19,South,Product C,104,3388.63
2024-07-19,East,Product A,129,6182.09
2024-07-19,East,Product B,137,5137.67
2024-07-19,East,Product C,89,1932.21
2024-07-19,West,Product A,88,4248.22
2024-07-19,West,Product B,70,1653.19
2024-07-19,West,Product C,109,4346.89
2024-07-20,North,Product A,131,3450.53
2024-07-20,North,Product B,122,4214.77
2024-07-20,North,Product C,112,2244.59
2024-07-20,South,Product A,128,6388.79
2024-07-20,South,Product B,121,3142.48
2024-07-20,South,Product C,137,5086.52
2024-07-20,East,Product A,123,5538.64
2024-07-20,East,Product B,98,4100.16
2024-07-20,East,Product C,150,5166.6
2024-07-20,West,Product A,92,3323.8
2024-07-20,West,Product B,96,4657.39
2024-07-20,West,Product C,91,3082.1
2024-07-21,North,Product A,130,6369.0
2024-07-21,North,Product B,128,4546.23
2024-07-21,North,Product C,85,4177.35
2024-07-21,South,Product A,134,5782.29
2024-07-21,South,Product B,119,3131.57
2024-07-21,South,Product C,145,2973.18
2024-07-21,East,Product A,133,4513.44
2024-07-21,East,Product B,102,3399.89
2024-07-21,East,Product C,89,4168.47
2024-07-21,West,Product A,90,4328.17
2024-07-21,West,Product B,73,3554.55
2024-07-21,West,Product C,79,1693.03
2024-07-22,North,Product A,88,2353.5
2024-07-22,North,Product B,103,2981.58
2024-07-22,North,Product C,82,2976.95
2024-07-22,South,Product A,134,6254.22
2024-07-22,South,Product B,125,3988.87
2024-07-22,South,Product C,98,3851.36
2024-07-22,East,Product A,146,6358.43
2024-07-22,East,Product B,102,3570.58
2024-07-22,East,Product C,131,4195.47
2024-07-22,West,Product A,74,3388.68
2024-07-22,West,Product B,96,2621.84
2024-07-22,West,Product C,98,3379.98
2024-07-23,North,Product A,106,2129.25
2024-07-23,North,Product B,98,3515.5
2024-07-23,North,Product C,148,4071.99
2024-07-23,South,Product A,109,2985.42
2024-07-23,South,Product B,112,4728.55
2024-07-23,South,Product C,104,5090.19
2024-07-23,East,Product A,98,3923.89
2024-07-23,East,Product B,89,2958.41
2024-07-23,East,Product C,142,6462.34
2024-07-23,West,Product A,93,3159.26
2024-07-23,West,Product B,64,2346.18
2024-07-23,West,Product C,93,3501.68
2024-07-24,North,Product A,88,3969.72
2024-07-24,North,Product B,136,3827.42
2024-07-24,North,Product C,130,3315.05
2024-07-24,South,Product A,85,1910.29
2024-07-24,South,Product B,142,5236.24
2024-07-24,South,Product C,141,2943.47
2024-07-24,East,Product A,140,5293.32
2024-07-24,East,Product B,131,4774.46
2024-07-24,East,Product C,124,2584.43
2024-07-24,West,Product A,80,1849.98
2024-07-24,West,Product B,91,2920.94
2024-07-24,West,Product C,96,4696.42
2024-07-25,North,Product A,107,4758.14
2024-07-25,North,Product B,143,3810.53
2024-07-25,North,Product C,126,5365.12
2024-07-25,South,Product A,92,4210.24
2024-07-25,South,Product B,88,3279.27
2024-07-25,South,Product C,111,2812.9
2024-07-25,East,Product A,129,3996.81
2024-07-25,East,Product B,141,5991.03
2024-07-25,East,Product C,83,2785.17
2024-07-25,West,Product A,106,3674.67
2024-07-25,West,Product B,101,2672.99
2024-07-25,West,Product C,83,2565.45
2024-07-26,North,Product A,96,2454.02
2024-07-26,North,Product B,78,2152.64
2024-07-26,North,Product C,96,2398.42
2024-07-26,South,Product A,151,3520.14
2024-07-26,South,Product B,137,5876.68
2024-07-26,South,Product C,151,3801.14
2024-07-26,East,Product A,105,2418.32
2024-07-26,East,Product B,143,3671.93
2024-07-26,East,Product C,140,5362.67
2024-07-26,West,Product A,76,2977.57
2024-07-26,West,Product B,93,1979.33
2024-07-26,West,Product C,100,3621.2
2024-07-27,North,Product A,137,4630.88
2024-07-27,North,Product B,134,6205.04
2024-07-27,North,Product C,91,2410.66
2024-07-27,South,Product A,96,2678.92
2024-07-27,South,Product B,98,3625.95
2024-07-27,South,Product C,96,4290.89
2024-07-27,East,Product A,132,4548.78
2024-07-27,East,Product B,91,3873.42
2024-07-27,East,Product C,127,6146.05
2024-07-27,West,Product A,70,3123.85
2024-07-27,West,Product B,92,3026.95
2024-07-27,West,Product C,106,4015.06
2024-07-28,North,Product A,80,2780.67
2024-07-28,North,Product B,115,3659.28
2024-07-28,North,Product C,122,5912.95
2024-07-28,South,Product A,136,3802.54
2024-07-28,South,Product B,92,4374.77
2024-07-28,South,Product C,158,6303.11
2024-07-28,East,Product A,116,3877.89
2024-07-28,East,Product B,119,4601.97
2024-07-28,East,Product C,141,5636.66
2024-07-28,West,Product A,66,1521.2
2024-07-28,West,Product B,94,4514.85
2024-07-28,West,Product C,105,5015.62
2024-07-29,North,Product A,152,3973.22
2024-07-29,North,Product B,139,4624.43
2024-07-29,North,Product C,120,3472.33
2024-07-29,South,Product A,91,2991.52
2024-07-29,South,Product B,78,2637.25
2024-07-29,South,Product C,105,3656.91
2024-07-29,East,Product A,123,4078.64
2024-07-29,East,Product B,119,2748.31
2024-07-29,East,Product C,110,2699.1
2024-07-29,West,Product A,95,4611.73
2024-07-29,West,Product B,96,2643.74
2024-07-29,West,Product C,68,1537.68
2024-07-30,North,Product A,118,2939.51
2024-07-30,North,Product B,134,5986.71
2024-07-30,North,Product C,129,4848.84
2024-07-30,South,Product A,114,2617.1
2024-07-30,South,Product B,123,4406.45
2024-07-30,South,Product C,155,6593.25
2024-07-30,East,Product A,106,5292.25
2024-07-30,East,Product B,135,4171.43
2024-07-30,East,Product C,83,2198.22
2024-07-30,West,Product A,70,2557.06
2024-07-30,West,Product B,103,3786.21
2024-07-30,West,Product C,72,3222.72
2024-07-31,North,Product A,100,4537.27
2024-07-31,North,Product B,133,5043.53
2024-07-31,North,Product C,95,2480.71
2024-07-31,South,Product A,96,2106.82
2024-07-31,South,Product B,86,2477.92
2024-07-31,South,Product C,80,2880.45
2024-07-31,East,Product A,143,5206.41
2024-07-31,East,Product B,148,6023.17
2024-07-31,East,Product C,135,6701.86
2024-07-31,West,Product A,110,4082.36
2024-07-31,West,Product B,79,1734.72
2024-07-31,West,Product C,93,4611.25
